
  ___  ____  ____  ____  ____ ®
 /__    /   ____/   /   ____/      17.0
___/   /   /___/   /   /___/       MP—Parallel Edition

 Statistics and Data Science       Copyright 1985-2021 StataCorp LLC
                                   StataCorp
                                   4905 Lakeway Drive
                                   College Station, Texas 77845 USA
                                   800-STATA-PC        https://www.stata.com
                                   979-696-4600        stata@stata.com

Stata license: Single-user 16-core  perpetual
Serial number: 501706305188
  Licensed to: Timothy Copeland
               Karolinska Institutet

Notes:
      1. Stata is running in batch mode.
      2. Unicode is supported; see help unicode_advice.
      3. More than 2 billion observations are allowed; see help obs_advice.
      4. Maximum number of variables is set to 5,000 but can be increased;
          see help set_maxvar.

. do driver.do 

. version 17.0

. clear all

. set more off

. set linesize 255

. set rng mt64

. adopath ++ "/home/tpcopeland/R-tabtools-wt/_st251/tabtools"
  [1]              "/home/tpcopeland/R-tabtools-wt/_st251/tabtools"
  [2]  (BASE)      "/usr/local/stata17/ado/base/"
  [3]  (SITE)      "/usr/local/ado/"
  [4]              "."
  [5]  (PERSONAL)  "~/ado/personal/"
  [6]  (PLUS)      "~/ado/plus/"
  [7]  (OLDPLACE)  "~/ado/"

. discard

. quietly tabtools

. assert "`r(version)'" == "2.5.1"

. quietly findfile crosstab.ado

. assert "`r(fn)'" == "/home/tpcopeland/R-tabtools-wt/_st251/tabtools/crosstab.ado"

. do qa/stata/golden_helpers.do

. /*  golden_helpers.do - programs shared by the golden-generation driver
> 
>     Loaded by the run.do that make_golden.R writes into
>     qa/.stata-work. Defines:
>       golden_versions   record which tabtools/fvgen Stata resolves (asserts dev checkouts)
>       golden_run        run one scenario: fixture -> setup -> call, log console, dump r()
>       golden_dump_r()   Mata: flatten r() to name,kind,row,col,value CSV
>       golden_effect_input  effecttab goldens: r(table) of the last collected
>                         teffects/margins command to <id>_input.csv (task 7.11)
> */
. 
. version 17.0

. 
. capture program drop golden_ado_version

. program define golden_ado_version, rclass
  1.     * Return the version on the *! header line of an ado file and its path.
.     args adoname
  2.     quietly findfile `adoname'.ado
  3.     local fn "`r(fn)'"
  4.     tempname fh
  5.     file open `fh' using "`fn'", read text
  6.     file read `fh' line
  7.     file close `fh'
  8.     local ver ""
  9.     if regexm(`"`line'"', "[Vv]ersion ([0-9]+\.[0-9]+\.[0-9]+)") local ver = regexs(1)
 10.     return local version "`ver'"
 11.     return local path "`fn'"
 12. end

. 
. capture program drop golden_versions

. program define golden_versions
  1.     * Record the resolved package versions; refuse to run against anything
.     * other than the dev checkouts put first on the adopath by run.do, or
.     * (when expect_version is given) at any other tabtools version. All
.     * checks run before VERSIONS.csv is opened, so a refused run leaves the
.     * committed file untouched.
.     args outfile expect_tabtools expect_fvgen expect_version
  2.     local comps desctab regtab table1_tc _tabtools_common puttab stacktab _tabtools_markdown_write stratetab effecttab comptab hrcomptab fvgen
  3.     foreach a of local comps {
  4.         golden_ado_version `a'
  5.         local v_`a' "`r(version)'"
  6.         local p_`a' "`r(path)'"
  7.         if "`a'" == "fvgen" {
  8.             if strpos("`p_`a''", "`expect_fvgen'") != 1 {
  9.                 display as error "fvgen resolves to `p_`a'', expected under `expect_fvgen'"
 10.                 exit 459
 11.             }
 12.             global GOLDEN_FVGEN_VERSION "`v_`a''"
 13.         }
 14.         else {
 15.             if strpos("`p_`a''", "`expect_tabtools'") != 1 {
 16.                 display as error "`a' resolves to `p_`a'', expected under `expect_tabtools'"
 17.                 exit 459
 18.             }
 19.             if "`expect_version'" != "" & "`v_`a''" != "`expect_version'" {
 20.                 display as error "`a' is version `v_`a'', expected `expect_version' (make_golden.R --tabtools-version=)"
 21.                 exit 459
 22.             }
 23.             if "`a'" == "desctab" global GOLDEN_TABTOOLS_VERSION "`v_`a''"
 24.         }
 25.     }
 26.     tempname fh
 27.     file open `fh' using "`outfile'", write text replace
 28.     file write `fh' "component,version,path" _n
 29.     foreach a of local comps {
 30.         file write `fh' "`a',`v_`a'',`p_`a''" _n
 31.     }
 32.     file write `fh' "stata,`c(stata_version)',`c(edition_real)'" _n
 33.     file write `fh' "rng,`c(rng_current)'," _n
 34.     file write `fh' "linesize,`c(linesize)'," _n
 35.     file close `fh'
 36. end

. 
. capture program drop golden_run

. program define golden_run
  1.     * golden_run <id> <fixture>: expects programs _golden_setup and
.     * _golden_call to be defined for this scenario.
.     args id fixture
  2.     capture log close golden
  3.     clear
  4.     capture collect clear
  5.     estimates clear
  6.     capture macro drop TABTOOLS_*
  7.     capture erase "`id'.csv"
  8.     capture erase "`id'.md"
  9.     capture erase "`id'_stored.csv"
 10.     capture erase "`id'_console.txt"
 11.     capture erase "`id'_input.csv"
 12.     use "fixtures/`fixture'.dta", clear
 13.     capture noisily _golden_setup
 14.     local rc = _rc
 15.     if `rc' == 0 {
 16.         log using "`id'_console.txt", text replace nomsg name(golden)
 17.         capture noisily _golden_call
 18.         local rc = _rc
 19.         if `rc' == 0 mata: golden_dump_r("`id'_stored.csv", "`id'")
 20.         capture log close golden
 21.     }
 22.     tempname fh
 23.     file open `fh' using "_status.csv", write text append
 24.     file write `fh' "`id',`rc'" _n
 25.     file close `fh'
 26.     capture collect clear
 27.     capture stset, clear
 28. end

. 
. capture program drop golden_effect_input

. program define golden_effect_input
  1.     * golden_effect_input <id> <model> <kind> [<subcmd>]: write r(table) of
.     * the last collected teffects/margins command to <id>_input.csv (model 1
.     * starts the file, later models append), one row per column of r(table):
.     * model, kind, subcmd, level, equation, term, estimate, conf_low,
.     * conf_high, p_value at %21.17g. The effecttab goldens' r_call reads it
.     * (golden_effect_input() in helper-golden-effecttab.R), so the R layout
.     * sees Stata's own numbers (IMPLEMENTATION_PLAN.md task 7.11).
.     args id model kind subcmd
  2.     tempname T
  3.     matrix `T' = r(table)
  4.     local lev = r(level)
  5.     if "`lev'" == "" | "`lev'" == "." local lev = c(level)
  6.     mata: golden_effect_rows("`T'", "`id'_input.csv", `model', "`kind'", "`subcmd'", `lev')
  7. end

. 
. mata:
------------------------------------------------- mata (type end to exit) -------------------------------------------------------------------------------------------------------------------------------------------------------------------------------------
: mata set matastrict on

: 
: 
: string scalar golden_csvq(string scalar s)
> {
>     if (strpos(s, `"""') | strpos(s, ",") | strpos(s, char(10)) | strpos(s, char(13))) {
>         return(`"""' + subinstr(s, `"""', `""""') + `"""')
>     }
>     return(s)
> }

: 
: string scalar golden_num(real scalar x)
> {
>     if (missing(x)) return(strofreal(x))
>     return(strtrim(strofreal(x, "%21.17g")))
> }

: 
: string scalar golden_stripe(string rowvector s)
> {
>     if (s[1] != "") return(s[1] + ":" + s[2])
>     return(s[2])
> }

: 
: void golden_dump_r(string scalar path, string scalar id)
> {
>     string colvector sc, ss, mc, mx
>     string matrix rs, cs
>     real matrix M
>     real scalar fh, i, r, c
> 
>     // Snapshot names first; nothing below touches r().
>     sc = st_dir("r()", "numscalar", "*")
>     ss = st_dir("r()", "strscalar", "*")
>     mc = st_dir("r()", "macro", "*")
>     mx = st_dir("r()", "matrix", "*")
> 
>     if (fileexists(path)) unlink(path)
>     fh = fopen(path, "w")
>     fput(fh, "name,kind,row,col,value")
>     fput(fh, "_golden_id,meta,,," + golden_csvq(id))
>     fput(fh, "_golden_tabtools_version,meta,,," + st_global("GOLDEN_TABTOOLS_VERSION"))
>     fput(fh, "_golden_fvgen_version,meta,,," + st_global("GOLDEN_FVGEN_VERSION"))
>     fput(fh, "_golden_stata_version,meta,,," + golden_num(c("stata_version")))
>     for (i = 1; i <= rows(sc); i++) {
>         fput(fh, golden_csvq(sc[i]) + ",scalar,,," + golden_num(st_numscalar("r(" + sc[i] + ")")))
>     }
>     for (i = 1; i <= rows(ss); i++) {
>         fput(fh, golden_csvq(ss[i]) + ",strscalar,,," + golden_csvq(st_strscalar("r(" + ss[i] + ")")))
>     }
>     for (i = 1; i <= rows(mc); i++) {
>         fput(fh, golden_csvq(mc[i]) + ",macro,,," + golden_csvq(st_global("r(" + mc[i] + ")")))
>     }
>     for (i = 1; i <= rows(mx); i++) {
>         M = st_matrix("r(" + mx[i] + ")")
>         rs = st_matrixrowstripe("r(" + mx[i] + ")")
>         cs = st_matrixcolstripe("r(" + mx[i] + ")")
>         for (r = 1; r <= rows(M); r++) {
>             for (c = 1; c <= cols(M); c++) {
>                 fput(fh, golden_csvq(mx[i]) + ",matrix," + golden_csvq(golden_stripe(rs[r, .])) + "," +
>                     golden_csvq(golden_stripe(cs[c, .])) + "," + golden_num(M[r, c]))
>             }
>         }
>     }
>     fclose(fh)
> }

: 
: void golden_effect_rows(string scalar tname, string scalar path, real scalar model,
>                         string scalar kind, string scalar subcmd, real scalar lev)
> {
>     real matrix T
>     string matrix cs, rs
>     real scalar fh, j, rb, rll, rul, rp
>     string scalar p
> 
>     T = st_matrix(tname)
>     cs = st_matrixcolstripe(tname)
>     rs = st_matrixrowstripe(tname)
>     rb = selectindex(rs[., 2] :== "b")
>     rll = selectindex(rs[., 2] :== "ll")
>     rul = selectindex(rs[., 2] :== "ul")
>     rp = selectindex(rs[., 2] :== "pvalue")
>     if (model == 1 & fileexists(path)) unlink(path)
>     fh = fopen(path, "a")
>     if (model == 1) fput(fh, "model,kind,subcmd,level,equation,term,estimate,conf_low,conf_high,p_value")
>     for (j = 1; j <= cols(T); j++) {
>         p = strofreal(model) + "," + kind + "," + subcmd + "," + golden_num(lev) + "," +
>             golden_csvq(cs[j, 1]) + "," + golden_csvq(cs[j, 2]) + "," +
>             golden_num(T[rb, j]) + "," + golden_num(T[rll, j]) + "," +
>             golden_num(T[rul, j]) + "," + golden_num(T[rp, j])
>         fput(fh, p)
>     }
>     fclose(fh)
> }

: 
: end
---------------------------------------------------------------------------------------------------------------------------------------------------------------------------------------------------------------------------------------------------------------

. 
end of do-file

. global GOLDEN_TABTOOLS_VERSION "2.5.1"

. global GOLDEN_FVGEN_VERSION ""

. foreach component in spearman cc cs {
  2.     quietly findfile `component'.ado
  3.     copy "`r(fn)'" "/home/tpcopeland/R-Dev/_notes/tabtools-parity-2026-10-06/wp-6a/native-xt-v2/installed_`component'.ado"
  4. }

. forvalues k=1/28 {
  2.     local id = "XT" + string(`k', "%03.0f")
  3.     do qa/stata/crosstab_v251_cases.do `id' "/home/tpcopeland/R-Dev/_notes/tabtools-parity-2026-10-06/wp-6a/native-xt-v2"
  4. }

. /* Source authoring only. Root executes one case in an owned authenticated
>    Stata17 stage with golden_helpers.do loaded. Pin 712044f8 / tabtools2.5.1.
>    args: XT001..XT028, owned output directory. No adopath fallback/golden edits.
>    Inputs are literal and OUTSIDE loops. XT018 deliberately retains zero-only
>    categories to record the actual native boundary rather than rewrite it.
>    Root aggregates per-case status CSVs in ID order to crosstab-status.csv. */
. version 17.0

. args id out

. if !regexm("`id'", "^XT0(0[1-9]|1[0-9]|2[0-8])$") exit 198

. if `"`out'"' == "" exit 198

. set more off

. set varabbrev off

. set linesize 255

. clear

. local opts ""

. local level 95

. local assoc_or 0

. local assoc_cs 0

. 
. if inlist("`id'", "XT001", "XT002", "XT003", "XT008", "XT017", "XT018", "XT019", "XT025", "XT026") {
.     input double(row column frequency)

            row      column   frequency
  1.     1 1 40
  2.     2 1 10
  3.     1 2 20
  4.     2 2 30
  5.     end
. }

. if "`id'" == "XT001" {
.     local opts "or rr rd"
.     local assoc_or 1
.     local assoc_cs 1
. }

. if "`id'" == "XT002" {
.     replace column = 3-column
.     local opts "rowpct or rr rd"
.     local assoc_or 1
.     local assoc_cs 1
. }

. if "`id'" == "XT003" {
.     replace row = (row-1)/10
.     replace column = (column-1)/10
.     * Stata value labels require integer codes; fractional numeric codes remain numeric.
.     local opts "label totalpct or"
.     local assoc_or 1
. }

. if "`id'" == "XT004" {
.     input double(row column frequency)
.     1 1 1
.     2 1 3
.     1 2 3
.     2 2 1
.     end
.     local opts "or"
.     local assoc_or 1
. }

. if "`id'" == "XT005" {
.     input double(row column frequency)
.     1 1 1
.     2 1 2
.     1 2 1
.     2 2 2
.     1 3 1
.     2 3 2
.     end
. }

. if inlist("`id'", "XT006", "XT027") {
.     input double(row column frequency)
.     1 1 5
.     2 1 5
.     1 2 5
.     2 2 5
.     end
. }

. if "`id'" == "XT007" {
.     input double(row column frequency)
.     1 1 1250
.     2 1 386
.     1 2 4
.     2 2 4
.     end
.     local opts "or level(90)"
.     local level 90
.     local assoc_or 1
. }

. if "`id'" == "XT008" {
.     local opts "rr rd level(90)"
.     local level 90
.     local assoc_cs 1
. }

. if inlist("`id'", "XT009", "XT015", "XT024") {
.     input double(row column frequency)
.     1 1 1
.     2 1 0
.     1 2 0
.     2 2 1
.     end
. }

. if "`id'" == "XT009" {
.     replace frequency = 2*frequency
.     local opts "or"
. }

. if inlist("`id'", "XT010", "XT011", "XT012") {
.     input double(row column frequency)
.     1 0 10
.     2 0 30
.     1 1 20
.     2 1 20
.     1 2 30
.     2 2 10
.     end
.     if "`id'" == "XT011" replace column = 1e16+2*column
.     if "`id'" == "XT012" replace column = 5 if column==2
.     local opts "cochran"
. }

. if "`id'" == "XT013" {
.     input double(row column frequency)
.     1 -1 497
.     2 -1 19
.     1 0 560
.     2 0 29
.     1 1 269
.     2 1 24
.     end
.     local opts "cochran"
. }

. if "`id'" == "XT014" {
.     input double(row column frequency)
.     1 1 5
.     2 1 3
.     1 2 2
.     2 2 7
.     1 3 4
.     2 3 6
.     end
.     local opts "trend"
. }

. if "`id'" == "XT015" local opts "trend"

. if "`id'" == "XT016" {
.     input double(row column frequency)
.     1 1 0
.     2 1 1
.     1 2 1
.     2 2 0
.     end
.     local opts "trend"
. }

. if "`id'" == "XT017" {
.     set obs 6
.     replace row = . in 5
.     replace column = 1 in 5
.     replace frequency = 7 in 5
.     replace row = .a in 6
.     replace column = 1 in 6
.     replace frequency = 3 in 6
.     local opts "missing"
. }

. if "`id'" == "XT018" {
.     set obs 5
.     replace row = 999 in 5
.     replace column = 999 in 5
.     replace frequency = 0 in 5
. }

. if "`id'" == "XT019" local opts "trend missing"

. if inlist("`id'", "XT020", "XT021", "XT022") {
.     input double(row column frequency)
.     1 1 1
.     2 1 9
.     1 2 9
.     2 2 1
.     end
.     if "`id'" == "XT020" local opts "smallcells(3) or rr rd cochran"
.     if "`id'" == "XT021" {
.         local opts "smallcells(3, primary) or rr rd cochran"
.         local assoc_or 1
.         local assoc_cs 1
.     }
.     if "`id'" == "XT022" local opts "smallcells(3) rowpct"
. }

. if "`id'" == "XT023" {
.     input double(row column frequency)
.     1 1 1
.     2 1 1
.     1 2 0
.     2 2 10
.     end
.     local opts "smallcells(3, primary) rowpct"
. }

. if "`id'" == "XT024" local opts "smallcells(3, primary) totalpct"

. if "`id'" == "XT027" local opts "exact digits(2) headershade zebra"

. if "`id'" == "XT028" {
.     input double(row column frequency)
.     1 1 10
.     2 1 10
.     3 1 10
.     1 2 10
.     2 2 10
.     3 2 10
.     end
.     local opts "cochran"
. }

. local destination xlsx("`out'/`id'.xlsx")

. if "`id'" == "XT025" local destination xlsx("`out'/`id'.xlsx") excel("`out'/UNSELECTED.bad")

. if "`id'" == "XT026" local destination xlsx("") excel("`out'/`id'.xlsx")

. log using "`out'/`id'_console.txt", text replace nomsg name(xt)
(file /home/tpcopeland/R-Dev/_notes/tabtools-parity-2026-10-06/wp-6a/native-xt-v2/XT001_console.txt not found)

. capture noisily crosstab row column [fw=frequency], `opts' `destination' sheet(`id') ///
>     csv("`out'/`id'.csv") markdown("`out'/`id'.md")
  +---------------------------------------------------------------------------------------+
  |                                                 row            1            2   Total |
  |                                                   1   40 (80.0%)   20 (40.0%)      60 |
  |                                                   2   10 (20.0%)   30 (60.0%)      40 |
  |                                               Total           50           50     100 |
  | Pearson's chi-squared test: chi2 = 16.67, p < 0.001                                   |
  |                        OR = 6.0 (95% CI: 2.3, 16.4)                                   |
  |                         RR = 3.0 (95% CI: 1.6, 5.5)                                   |
  |                   RD = 0.400 (95% CI: 0.225, 0.575)                                   |
  +---------------------------------------------------------------------------------------+

CSV exported to /home/tpcopeland/R-Dev/_notes/tabtools-parity-2026-10-06/wp-6a/native-xt-v2/XT001.csv
Markdown exported to /home/tpcopeland/R-Dev/_notes/tabtools-parity-2026-10-06/wp-6a/native-xt-v2/XT001.md
Exported to /home/tpcopeland/R-Dev/_notes/tabtools-parity-2026-10-06/wp-6a/native-xt-v2/XT001.xlsx, sheet XT001

. local rc = _rc

. local nr .

. local nc .

. if !`rc' {
.     mata: golden_dump_r("`out'/`id'_stored.csv", "`id'")
.     tempname xttable
.     matrix `xttable' = r(table)
.     local nr = rowsof(`xttable')
.     local nc = colsof(`xttable')
. }

. log close xt

. tempname status

. file open `status' using "`out'/`id'_status.csv", write text replace
(file /home/tpcopeland/R-Dev/_notes/tabtools-parity-2026-10-06/wp-6a/native-xt-v2/XT001_status.csv not found)

. file write `status' "id,rc,nrow,ncol,pin" _n

. file write `status' "`id',`rc',`nr',`nc',712044f83ce6dd7bb4ca4237f3f6ffbc8aea5129" _n

. file close `status'

. if !`rc' & (`assoc_or' | `assoc_cs') {
.     egen byte xtrow = group(row)
.     egen byte xtcol = group(column)
.     replace xtrow = xtrow-1
(4 real changes made)
.     replace xtcol = xtcol-1
(4 real changes made)
.     tempname ci
.     file open `ci' using "`out'/`id'_association.csv", write text replace
(file /home/tpcopeland/R-Dev/_notes/tabtools-parity-2026-10-06/wp-6a/native-xt-v2/XT001_association.csv not found)
.     file write `ci' "name,value" _n
.     if `assoc_or' {
.         quietly cc xtrow xtcol [fw=frequency], level(`level')
.         file write `ci' "or," %24.17g (r(or)) _n
.         file write `ci' "or_lo," %24.17g (r(lb_or)) _n
.         file write `ci' "or_hi," %24.17g (r(ub_or)) _n
.     }
.     if `assoc_cs' {
.         quietly cs xtrow xtcol [fw=frequency], level(`level')
.         file write `ci' "rr," %24.17g (r(rr)) _n
.         file write `ci' "rr_lo," %24.17g (r(lb_rr)) _n
.         file write `ci' "rr_hi," %24.17g (r(ub_rr)) _n
.         file write `ci' "rd," %24.17g (r(rd)) _n
.         file write `ci' "rd_lo," %24.17g (r(lb_rd)) _n
.         file write `ci' "rd_hi," %24.17g (r(ub_rd)) _n
.     }
.     file close `ci'
. }

. 
end of do-file

. /* Source authoring only. Root executes one case in an owned authenticated
>    Stata17 stage with golden_helpers.do loaded. Pin 712044f8 / tabtools2.5.1.
>    args: XT001..XT028, owned output directory. No adopath fallback/golden edits.
>    Inputs are literal and OUTSIDE loops. XT018 deliberately retains zero-only
>    categories to record the actual native boundary rather than rewrite it.
>    Root aggregates per-case status CSVs in ID order to crosstab-status.csv. */
. version 17.0

. args id out

. if !regexm("`id'", "^XT0(0[1-9]|1[0-9]|2[0-8])$") exit 198

. if `"`out'"' == "" exit 198

. set more off

. set varabbrev off

. set linesize 255

. clear

. local opts ""

. local level 95

. local assoc_or 0

. local assoc_cs 0

. 
. if inlist("`id'", "XT001", "XT002", "XT003", "XT008", "XT017", "XT018", "XT019", "XT025", "XT026") {
.     input double(row column frequency)

            row      column   frequency
  1.     1 1 40
  2.     2 1 10
  3.     1 2 20
  4.     2 2 30
  5.     end
. }

. if "`id'" == "XT001" {
.     local opts "or rr rd"
.     local assoc_or 1
.     local assoc_cs 1
. }

. if "`id'" == "XT002" {
.     replace column = 3-column
(4 real changes made)
.     local opts "rowpct or rr rd"
.     local assoc_or 1
.     local assoc_cs 1
. }

. if "`id'" == "XT003" {
.     replace row = (row-1)/10
.     replace column = (column-1)/10
.     * Stata value labels require integer codes; fractional numeric codes remain numeric.
.     local opts "label totalpct or"
.     local assoc_or 1
. }

. if "`id'" == "XT004" {
.     input double(row column frequency)
.     1 1 1
.     2 1 3
.     1 2 3
.     2 2 1
.     end
.     local opts "or"
.     local assoc_or 1
. }

. if "`id'" == "XT005" {
.     input double(row column frequency)
.     1 1 1
.     2 1 2
.     1 2 1
.     2 2 2
.     1 3 1
.     2 3 2
.     end
. }

. if inlist("`id'", "XT006", "XT027") {
.     input double(row column frequency)
.     1 1 5
.     2 1 5
.     1 2 5
.     2 2 5
.     end
. }

. if "`id'" == "XT007" {
.     input double(row column frequency)
.     1 1 1250
.     2 1 386
.     1 2 4
.     2 2 4
.     end
.     local opts "or level(90)"
.     local level 90
.     local assoc_or 1
. }

. if "`id'" == "XT008" {
.     local opts "rr rd level(90)"
.     local level 90
.     local assoc_cs 1
. }

. if inlist("`id'", "XT009", "XT015", "XT024") {
.     input double(row column frequency)
.     1 1 1
.     2 1 0
.     1 2 0
.     2 2 1
.     end
. }

. if "`id'" == "XT009" {
.     replace frequency = 2*frequency
.     local opts "or"
. }

. if inlist("`id'", "XT010", "XT011", "XT012") {
.     input double(row column frequency)
.     1 0 10
.     2 0 30
.     1 1 20
.     2 1 20
.     1 2 30
.     2 2 10
.     end
.     if "`id'" == "XT011" replace column = 1e16+2*column
.     if "`id'" == "XT012" replace column = 5 if column==2
.     local opts "cochran"
. }

. if "`id'" == "XT013" {
.     input double(row column frequency)
.     1 -1 497
.     2 -1 19
.     1 0 560
.     2 0 29
.     1 1 269
.     2 1 24
.     end
.     local opts "cochran"
. }

. if "`id'" == "XT014" {
.     input double(row column frequency)
.     1 1 5
.     2 1 3
.     1 2 2
.     2 2 7
.     1 3 4
.     2 3 6
.     end
.     local opts "trend"
. }

. if "`id'" == "XT015" local opts "trend"

. if "`id'" == "XT016" {
.     input double(row column frequency)
.     1 1 0
.     2 1 1
.     1 2 1
.     2 2 0
.     end
.     local opts "trend"
. }

. if "`id'" == "XT017" {
.     set obs 6
.     replace row = . in 5
.     replace column = 1 in 5
.     replace frequency = 7 in 5
.     replace row = .a in 6
.     replace column = 1 in 6
.     replace frequency = 3 in 6
.     local opts "missing"
. }

. if "`id'" == "XT018" {
.     set obs 5
.     replace row = 999 in 5
.     replace column = 999 in 5
.     replace frequency = 0 in 5
. }

. if "`id'" == "XT019" local opts "trend missing"

. if inlist("`id'", "XT020", "XT021", "XT022") {
.     input double(row column frequency)
.     1 1 1
.     2 1 9
.     1 2 9
.     2 2 1
.     end
.     if "`id'" == "XT020" local opts "smallcells(3) or rr rd cochran"
.     if "`id'" == "XT021" {
.         local opts "smallcells(3, primary) or rr rd cochran"
.         local assoc_or 1
.         local assoc_cs 1
.     }
.     if "`id'" == "XT022" local opts "smallcells(3) rowpct"
. }

. if "`id'" == "XT023" {
.     input double(row column frequency)
.     1 1 1
.     2 1 1
.     1 2 0
.     2 2 10
.     end
.     local opts "smallcells(3, primary) rowpct"
. }

. if "`id'" == "XT024" local opts "smallcells(3, primary) totalpct"

. if "`id'" == "XT027" local opts "exact digits(2) headershade zebra"

. if "`id'" == "XT028" {
.     input double(row column frequency)
.     1 1 10
.     2 1 10
.     3 1 10
.     1 2 10
.     2 2 10
.     3 2 10
.     end
.     local opts "cochran"
. }

. local destination xlsx("`out'/`id'.xlsx")

. if "`id'" == "XT025" local destination xlsx("`out'/`id'.xlsx") excel("`out'/UNSELECTED.bad")

. if "`id'" == "XT026" local destination xlsx("") excel("`out'/`id'.xlsx")

. log using "`out'/`id'_console.txt", text replace nomsg name(xt)
(file /home/tpcopeland/R-Dev/_notes/tabtools-parity-2026-10-06/wp-6a/native-xt-v2/XT002_console.txt not found)

. capture noisily crosstab row column [fw=frequency], `opts' `destination' sheet(`id') ///
>     csv("`out'/`id'.csv") markdown("`out'/`id'.md")
  +---------------------------------------------------------------------------------------+
  |                                                 row            1            2   Total |
  |                                                   1   20 (33.3%)   40 (66.7%)      60 |
  |                                                   2   30 (75.0%)   10 (25.0%)      40 |
  |                                               Total           50           50     100 |
  | Pearson's chi-squared test: chi2 = 16.67, p < 0.001                                   |
  |                         OR = 0.2 (95% CI: 0.1, 0.4)                                   |
  |                         RR = 0.3 (95% CI: 0.2, 0.6)                                   |
  |                RD = -0.400 (95% CI: -0.575, -0.225)                                   |
  +---------------------------------------------------------------------------------------+

CSV exported to /home/tpcopeland/R-Dev/_notes/tabtools-parity-2026-10-06/wp-6a/native-xt-v2/XT002.csv
Markdown exported to /home/tpcopeland/R-Dev/_notes/tabtools-parity-2026-10-06/wp-6a/native-xt-v2/XT002.md
Exported to /home/tpcopeland/R-Dev/_notes/tabtools-parity-2026-10-06/wp-6a/native-xt-v2/XT002.xlsx, sheet XT002

. local rc = _rc

. local nr .

. local nc .

. if !`rc' {
.     mata: golden_dump_r("`out'/`id'_stored.csv", "`id'")
.     tempname xttable
.     matrix `xttable' = r(table)
.     local nr = rowsof(`xttable')
.     local nc = colsof(`xttable')
. }

. log close xt

. tempname status

. file open `status' using "`out'/`id'_status.csv", write text replace
(file /home/tpcopeland/R-Dev/_notes/tabtools-parity-2026-10-06/wp-6a/native-xt-v2/XT002_status.csv not found)

. file write `status' "id,rc,nrow,ncol,pin" _n

. file write `status' "`id',`rc',`nr',`nc',712044f83ce6dd7bb4ca4237f3f6ffbc8aea5129" _n

. file close `status'

. if !`rc' & (`assoc_or' | `assoc_cs') {
.     egen byte xtrow = group(row)
.     egen byte xtcol = group(column)
.     replace xtrow = xtrow-1
(4 real changes made)
.     replace xtcol = xtcol-1
(4 real changes made)
.     tempname ci
.     file open `ci' using "`out'/`id'_association.csv", write text replace
(file /home/tpcopeland/R-Dev/_notes/tabtools-parity-2026-10-06/wp-6a/native-xt-v2/XT002_association.csv not found)
.     file write `ci' "name,value" _n
.     if `assoc_or' {
.         quietly cc xtrow xtcol [fw=frequency], level(`level')
.         file write `ci' "or," %24.17g (r(or)) _n
.         file write `ci' "or_lo," %24.17g (r(lb_or)) _n
.         file write `ci' "or_hi," %24.17g (r(ub_or)) _n
.     }
.     if `assoc_cs' {
.         quietly cs xtrow xtcol [fw=frequency], level(`level')
.         file write `ci' "rr," %24.17g (r(rr)) _n
.         file write `ci' "rr_lo," %24.17g (r(lb_rr)) _n
.         file write `ci' "rr_hi," %24.17g (r(ub_rr)) _n
.         file write `ci' "rd," %24.17g (r(rd)) _n
.         file write `ci' "rd_lo," %24.17g (r(lb_rd)) _n
.         file write `ci' "rd_hi," %24.17g (r(ub_rd)) _n
.     }
.     file close `ci'
. }

. 
end of do-file

. /* Source authoring only. Root executes one case in an owned authenticated
>    Stata17 stage with golden_helpers.do loaded. Pin 712044f8 / tabtools2.5.1.
>    args: XT001..XT028, owned output directory. No adopath fallback/golden edits.
>    Inputs are literal and OUTSIDE loops. XT018 deliberately retains zero-only
>    categories to record the actual native boundary rather than rewrite it.
>    Root aggregates per-case status CSVs in ID order to crosstab-status.csv. */
. version 17.0

. args id out

. if !regexm("`id'", "^XT0(0[1-9]|1[0-9]|2[0-8])$") exit 198

. if `"`out'"' == "" exit 198

. set more off

. set varabbrev off

. set linesize 255

. clear

. local opts ""

. local level 95

. local assoc_or 0

. local assoc_cs 0

. 
. if inlist("`id'", "XT001", "XT002", "XT003", "XT008", "XT017", "XT018", "XT019", "XT025", "XT026") {
.     input double(row column frequency)

            row      column   frequency
  1.     1 1 40
  2.     2 1 10
  3.     1 2 20
  4.     2 2 30
  5.     end
. }

. if "`id'" == "XT001" {
.     local opts "or rr rd"
.     local assoc_or 1
.     local assoc_cs 1
. }

. if "`id'" == "XT002" {
.     replace column = 3-column
.     local opts "rowpct or rr rd"
.     local assoc_or 1
.     local assoc_cs 1
. }

. if "`id'" == "XT003" {
.     replace row = (row-1)/10
(4 real changes made)
.     replace column = (column-1)/10
(4 real changes made)
.     * Stata value labels require integer codes; fractional numeric codes remain numeric.
.     local opts "label totalpct or"
.     local assoc_or 1
. }

. if "`id'" == "XT004" {
.     input double(row column frequency)
.     1 1 1
.     2 1 3
.     1 2 3
.     2 2 1
.     end
.     local opts "or"
.     local assoc_or 1
. }

. if "`id'" == "XT005" {
.     input double(row column frequency)
.     1 1 1
.     2 1 2
.     1 2 1
.     2 2 2
.     1 3 1
.     2 3 2
.     end
. }

. if inlist("`id'", "XT006", "XT027") {
.     input double(row column frequency)
.     1 1 5
.     2 1 5
.     1 2 5
.     2 2 5
.     end
. }

. if "`id'" == "XT007" {
.     input double(row column frequency)
.     1 1 1250
.     2 1 386
.     1 2 4
.     2 2 4
.     end
.     local opts "or level(90)"
.     local level 90
.     local assoc_or 1
. }

. if "`id'" == "XT008" {
.     local opts "rr rd level(90)"
.     local level 90
.     local assoc_cs 1
. }

. if inlist("`id'", "XT009", "XT015", "XT024") {
.     input double(row column frequency)
.     1 1 1
.     2 1 0
.     1 2 0
.     2 2 1
.     end
. }

. if "`id'" == "XT009" {
.     replace frequency = 2*frequency
.     local opts "or"
. }

. if inlist("`id'", "XT010", "XT011", "XT012") {
.     input double(row column frequency)
.     1 0 10
.     2 0 30
.     1 1 20
.     2 1 20
.     1 2 30
.     2 2 10
.     end
.     if "`id'" == "XT011" replace column = 1e16+2*column
.     if "`id'" == "XT012" replace column = 5 if column==2
.     local opts "cochran"
. }

. if "`id'" == "XT013" {
.     input double(row column frequency)
.     1 -1 497
.     2 -1 19
.     1 0 560
.     2 0 29
.     1 1 269
.     2 1 24
.     end
.     local opts "cochran"
. }

. if "`id'" == "XT014" {
.     input double(row column frequency)
.     1 1 5
.     2 1 3
.     1 2 2
.     2 2 7
.     1 3 4
.     2 3 6
.     end
.     local opts "trend"
. }

. if "`id'" == "XT015" local opts "trend"

. if "`id'" == "XT016" {
.     input double(row column frequency)
.     1 1 0
.     2 1 1
.     1 2 1
.     2 2 0
.     end
.     local opts "trend"
. }

. if "`id'" == "XT017" {
.     set obs 6
.     replace row = . in 5
.     replace column = 1 in 5
.     replace frequency = 7 in 5
.     replace row = .a in 6
.     replace column = 1 in 6
.     replace frequency = 3 in 6
.     local opts "missing"
. }

. if "`id'" == "XT018" {
.     set obs 5
.     replace row = 999 in 5
.     replace column = 999 in 5
.     replace frequency = 0 in 5
. }

. if "`id'" == "XT019" local opts "trend missing"

. if inlist("`id'", "XT020", "XT021", "XT022") {
.     input double(row column frequency)
.     1 1 1
.     2 1 9
.     1 2 9
.     2 2 1
.     end
.     if "`id'" == "XT020" local opts "smallcells(3) or rr rd cochran"
.     if "`id'" == "XT021" {
.         local opts "smallcells(3, primary) or rr rd cochran"
.         local assoc_or 1
.         local assoc_cs 1
.     }
.     if "`id'" == "XT022" local opts "smallcells(3) rowpct"
. }

. if "`id'" == "XT023" {
.     input double(row column frequency)
.     1 1 1
.     2 1 1
.     1 2 0
.     2 2 10
.     end
.     local opts "smallcells(3, primary) rowpct"
. }

. if "`id'" == "XT024" local opts "smallcells(3, primary) totalpct"

. if "`id'" == "XT027" local opts "exact digits(2) headershade zebra"

. if "`id'" == "XT028" {
.     input double(row column frequency)
.     1 1 10
.     2 1 10
.     3 1 10
.     1 2 10
.     2 2 10
.     3 2 10
.     end
.     local opts "cochran"
. }

. local destination xlsx("`out'/`id'.xlsx")

. if "`id'" == "XT025" local destination xlsx("`out'/`id'.xlsx") excel("`out'/UNSELECTED.bad")

. if "`id'" == "XT026" local destination xlsx("") excel("`out'/`id'.xlsx")

. log using "`out'/`id'_console.txt", text replace nomsg name(xt)
(file /home/tpcopeland/R-Dev/_notes/tabtools-parity-2026-10-06/wp-6a/native-xt-v2/XT003_console.txt not found)

. capture noisily crosstab row column [fw=frequency], `opts' `destination' sheet(`id') ///
>     csv("`out'/`id'.csv") markdown("`out'/`id'.md")
  +---------------------------------------------------------------------------------------+
  |                                                 row            0           .1   Total |
  |                                                   0   40 (40.0%)   20 (20.0%)      60 |
  |                                                  .1   10 (10.0%)   30 (30.0%)      40 |
  |                                               Total           50           50     100 |
  | Pearson's chi-squared test: chi2 = 16.67, p < 0.001                                   |
  |                        OR = 6.0 (95% CI: 2.3, 16.4)                                   |
  +---------------------------------------------------------------------------------------+

CSV exported to /home/tpcopeland/R-Dev/_notes/tabtools-parity-2026-10-06/wp-6a/native-xt-v2/XT003.csv
Markdown exported to /home/tpcopeland/R-Dev/_notes/tabtools-parity-2026-10-06/wp-6a/native-xt-v2/XT003.md
Exported to /home/tpcopeland/R-Dev/_notes/tabtools-parity-2026-10-06/wp-6a/native-xt-v2/XT003.xlsx, sheet XT003

. local rc = _rc

. local nr .

. local nc .

. if !`rc' {
.     mata: golden_dump_r("`out'/`id'_stored.csv", "`id'")
.     tempname xttable
.     matrix `xttable' = r(table)
.     local nr = rowsof(`xttable')
.     local nc = colsof(`xttable')
. }

. log close xt

. tempname status

. file open `status' using "`out'/`id'_status.csv", write text replace
(file /home/tpcopeland/R-Dev/_notes/tabtools-parity-2026-10-06/wp-6a/native-xt-v2/XT003_status.csv not found)

. file write `status' "id,rc,nrow,ncol,pin" _n

. file write `status' "`id',`rc',`nr',`nc',712044f83ce6dd7bb4ca4237f3f6ffbc8aea5129" _n

. file close `status'

. if !`rc' & (`assoc_or' | `assoc_cs') {
.     egen byte xtrow = group(row)
.     egen byte xtcol = group(column)
.     replace xtrow = xtrow-1
(4 real changes made)
.     replace xtcol = xtcol-1
(4 real changes made)
.     tempname ci
.     file open `ci' using "`out'/`id'_association.csv", write text replace
(file /home/tpcopeland/R-Dev/_notes/tabtools-parity-2026-10-06/wp-6a/native-xt-v2/XT003_association.csv not found)
.     file write `ci' "name,value" _n
.     if `assoc_or' {
.         quietly cc xtrow xtcol [fw=frequency], level(`level')
.         file write `ci' "or," %24.17g (r(or)) _n
.         file write `ci' "or_lo," %24.17g (r(lb_or)) _n
.         file write `ci' "or_hi," %24.17g (r(ub_or)) _n
.     }
.     if `assoc_cs' {
.         quietly cs xtrow xtcol [fw=frequency], level(`level')
.         file write `ci' "rr," %24.17g (r(rr)) _n
.         file write `ci' "rr_lo," %24.17g (r(lb_rr)) _n
.         file write `ci' "rr_hi," %24.17g (r(ub_rr)) _n
.         file write `ci' "rd," %24.17g (r(rd)) _n
.         file write `ci' "rd_lo," %24.17g (r(lb_rd)) _n
.         file write `ci' "rd_hi," %24.17g (r(ub_rd)) _n
.     }
.     file close `ci'
. }

. 
end of do-file

. /* Source authoring only. Root executes one case in an owned authenticated
>    Stata17 stage with golden_helpers.do loaded. Pin 712044f8 / tabtools2.5.1.
>    args: XT001..XT028, owned output directory. No adopath fallback/golden edits.
>    Inputs are literal and OUTSIDE loops. XT018 deliberately retains zero-only
>    categories to record the actual native boundary rather than rewrite it.
>    Root aggregates per-case status CSVs in ID order to crosstab-status.csv. */
. version 17.0

. args id out

. if !regexm("`id'", "^XT0(0[1-9]|1[0-9]|2[0-8])$") exit 198

. if `"`out'"' == "" exit 198

. set more off

. set varabbrev off

. set linesize 255

. clear

. local opts ""

. local level 95

. local assoc_or 0

. local assoc_cs 0

. 
. if inlist("`id'", "XT001", "XT002", "XT003", "XT008", "XT017", "XT018", "XT019", "XT025", "XT026") {
.     input double(row column frequency)
.     1 1 40
.     2 1 10
.     1 2 20
.     2 2 30
.     end
. }

. if "`id'" == "XT001" {
.     local opts "or rr rd"
.     local assoc_or 1
.     local assoc_cs 1
. }

. if "`id'" == "XT002" {
.     replace column = 3-column
.     local opts "rowpct or rr rd"
.     local assoc_or 1
.     local assoc_cs 1
. }

. if "`id'" == "XT003" {
.     replace row = (row-1)/10
.     replace column = (column-1)/10
.     * Stata value labels require integer codes; fractional numeric codes remain numeric.
.     local opts "label totalpct or"
.     local assoc_or 1
. }

. if "`id'" == "XT004" {
.     input double(row column frequency)

            row      column   frequency
  1.     1 1 1
  2.     2 1 3
  3.     1 2 3
  4.     2 2 1
  5.     end
.     local opts "or"
.     local assoc_or 1
. }

. if "`id'" == "XT005" {
.     input double(row column frequency)
.     1 1 1
.     2 1 2
.     1 2 1
.     2 2 2
.     1 3 1
.     2 3 2
.     end
. }

. if inlist("`id'", "XT006", "XT027") {
.     input double(row column frequency)
.     1 1 5
.     2 1 5
.     1 2 5
.     2 2 5
.     end
. }

. if "`id'" == "XT007" {
.     input double(row column frequency)
.     1 1 1250
.     2 1 386
.     1 2 4
.     2 2 4
.     end
.     local opts "or level(90)"
.     local level 90
.     local assoc_or 1
. }

. if "`id'" == "XT008" {
.     local opts "rr rd level(90)"
.     local level 90
.     local assoc_cs 1
. }

. if inlist("`id'", "XT009", "XT015", "XT024") {
.     input double(row column frequency)
.     1 1 1
.     2 1 0
.     1 2 0
.     2 2 1
.     end
. }

. if "`id'" == "XT009" {
.     replace frequency = 2*frequency
.     local opts "or"
. }

. if inlist("`id'", "XT010", "XT011", "XT012") {
.     input double(row column frequency)
.     1 0 10
.     2 0 30
.     1 1 20
.     2 1 20
.     1 2 30
.     2 2 10
.     end
.     if "`id'" == "XT011" replace column = 1e16+2*column
.     if "`id'" == "XT012" replace column = 5 if column==2
.     local opts "cochran"
. }

. if "`id'" == "XT013" {
.     input double(row column frequency)
.     1 -1 497
.     2 -1 19
.     1 0 560
.     2 0 29
.     1 1 269
.     2 1 24
.     end
.     local opts "cochran"
. }

. if "`id'" == "XT014" {
.     input double(row column frequency)
.     1 1 5
.     2 1 3
.     1 2 2
.     2 2 7
.     1 3 4
.     2 3 6
.     end
.     local opts "trend"
. }

. if "`id'" == "XT015" local opts "trend"

. if "`id'" == "XT016" {
.     input double(row column frequency)
.     1 1 0
.     2 1 1
.     1 2 1
.     2 2 0
.     end
.     local opts "trend"
. }

. if "`id'" == "XT017" {
.     set obs 6
.     replace row = . in 5
.     replace column = 1 in 5
.     replace frequency = 7 in 5
.     replace row = .a in 6
.     replace column = 1 in 6
.     replace frequency = 3 in 6
.     local opts "missing"
. }

. if "`id'" == "XT018" {
.     set obs 5
.     replace row = 999 in 5
.     replace column = 999 in 5
.     replace frequency = 0 in 5
. }

. if "`id'" == "XT019" local opts "trend missing"

. if inlist("`id'", "XT020", "XT021", "XT022") {
.     input double(row column frequency)
.     1 1 1
.     2 1 9
.     1 2 9
.     2 2 1
.     end
.     if "`id'" == "XT020" local opts "smallcells(3) or rr rd cochran"
.     if "`id'" == "XT021" {
.         local opts "smallcells(3, primary) or rr rd cochran"
.         local assoc_or 1
.         local assoc_cs 1
.     }
.     if "`id'" == "XT022" local opts "smallcells(3) rowpct"
. }

. if "`id'" == "XT023" {
.     input double(row column frequency)
.     1 1 1
.     2 1 1
.     1 2 0
.     2 2 10
.     end
.     local opts "smallcells(3, primary) rowpct"
. }

. if "`id'" == "XT024" local opts "smallcells(3, primary) totalpct"

. if "`id'" == "XT027" local opts "exact digits(2) headershade zebra"

. if "`id'" == "XT028" {
.     input double(row column frequency)
.     1 1 10
.     2 1 10
.     3 1 10
.     1 2 10
.     2 2 10
.     3 2 10
.     end
.     local opts "cochran"
. }

. local destination xlsx("`out'/`id'.xlsx")

. if "`id'" == "XT025" local destination xlsx("`out'/`id'.xlsx") excel("`out'/UNSELECTED.bad")

. if "`id'" == "XT026" local destination xlsx("") excel("`out'/`id'.xlsx")

. log using "`out'/`id'_console.txt", text replace nomsg name(xt)
(file /home/tpcopeland/R-Dev/_notes/tabtools-parity-2026-10-06/wp-6a/native-xt-v2/XT004_console.txt not found)

. capture noisily crosstab row column [fw=frequency], `opts' `destination' sheet(`id') ///
>     csv("`out'/`id'.csv") markdown("`out'/`id'.md")
  +----------------------------------------------------------------+
  |                            row           1           2   Total |
  |                              1   1 (25.0%)   3 (75.0%)       4 |
  |                              2   3 (75.0%)   1 (25.0%)       4 |
  |                          Total           4           4       8 |
  | Fisher's exact test: p = 0.486                                 |
  |    OR = 0.1 (95% CI: 0.0, 4.7)                                 |
  +----------------------------------------------------------------+

CSV exported to /home/tpcopeland/R-Dev/_notes/tabtools-parity-2026-10-06/wp-6a/native-xt-v2/XT004.csv
Markdown exported to /home/tpcopeland/R-Dev/_notes/tabtools-parity-2026-10-06/wp-6a/native-xt-v2/XT004.md
Exported to /home/tpcopeland/R-Dev/_notes/tabtools-parity-2026-10-06/wp-6a/native-xt-v2/XT004.xlsx, sheet XT004

. local rc = _rc

. local nr .

. local nc .

. if !`rc' {
.     mata: golden_dump_r("`out'/`id'_stored.csv", "`id'")
.     tempname xttable
.     matrix `xttable' = r(table)
.     local nr = rowsof(`xttable')
.     local nc = colsof(`xttable')
. }

. log close xt

. tempname status

. file open `status' using "`out'/`id'_status.csv", write text replace
(file /home/tpcopeland/R-Dev/_notes/tabtools-parity-2026-10-06/wp-6a/native-xt-v2/XT004_status.csv not found)

. file write `status' "id,rc,nrow,ncol,pin" _n

. file write `status' "`id',`rc',`nr',`nc',712044f83ce6dd7bb4ca4237f3f6ffbc8aea5129" _n

. file close `status'

. if !`rc' & (`assoc_or' | `assoc_cs') {
.     egen byte xtrow = group(row)
.     egen byte xtcol = group(column)
.     replace xtrow = xtrow-1
(4 real changes made)
.     replace xtcol = xtcol-1
(4 real changes made)
.     tempname ci
.     file open `ci' using "`out'/`id'_association.csv", write text replace
(file /home/tpcopeland/R-Dev/_notes/tabtools-parity-2026-10-06/wp-6a/native-xt-v2/XT004_association.csv not found)
.     file write `ci' "name,value" _n
.     if `assoc_or' {
.         quietly cc xtrow xtcol [fw=frequency], level(`level')
.         file write `ci' "or," %24.17g (r(or)) _n
.         file write `ci' "or_lo," %24.17g (r(lb_or)) _n
.         file write `ci' "or_hi," %24.17g (r(ub_or)) _n
.     }
.     if `assoc_cs' {
.         quietly cs xtrow xtcol [fw=frequency], level(`level')
.         file write `ci' "rr," %24.17g (r(rr)) _n
.         file write `ci' "rr_lo," %24.17g (r(lb_rr)) _n
.         file write `ci' "rr_hi," %24.17g (r(ub_rr)) _n
.         file write `ci' "rd," %24.17g (r(rd)) _n
.         file write `ci' "rd_lo," %24.17g (r(lb_rd)) _n
.         file write `ci' "rd_hi," %24.17g (r(ub_rd)) _n
.     }
.     file close `ci'
. }

. 
end of do-file

. /* Source authoring only. Root executes one case in an owned authenticated
>    Stata17 stage with golden_helpers.do loaded. Pin 712044f8 / tabtools2.5.1.
>    args: XT001..XT028, owned output directory. No adopath fallback/golden edits.
>    Inputs are literal and OUTSIDE loops. XT018 deliberately retains zero-only
>    categories to record the actual native boundary rather than rewrite it.
>    Root aggregates per-case status CSVs in ID order to crosstab-status.csv. */
. version 17.0

. args id out

. if !regexm("`id'", "^XT0(0[1-9]|1[0-9]|2[0-8])$") exit 198

. if `"`out'"' == "" exit 198

. set more off

. set varabbrev off

. set linesize 255

. clear

. local opts ""

. local level 95

. local assoc_or 0

. local assoc_cs 0

. 
. if inlist("`id'", "XT001", "XT002", "XT003", "XT008", "XT017", "XT018", "XT019", "XT025", "XT026") {
.     input double(row column frequency)
.     1 1 40
.     2 1 10
.     1 2 20
.     2 2 30
.     end
. }

. if "`id'" == "XT001" {
.     local opts "or rr rd"
.     local assoc_or 1
.     local assoc_cs 1
. }

. if "`id'" == "XT002" {
.     replace column = 3-column
.     local opts "rowpct or rr rd"
.     local assoc_or 1
.     local assoc_cs 1
. }

. if "`id'" == "XT003" {
.     replace row = (row-1)/10
.     replace column = (column-1)/10
.     * Stata value labels require integer codes; fractional numeric codes remain numeric.
.     local opts "label totalpct or"
.     local assoc_or 1
. }

. if "`id'" == "XT004" {
.     input double(row column frequency)
.     1 1 1
.     2 1 3
.     1 2 3
.     2 2 1
.     end
.     local opts "or"
.     local assoc_or 1
. }

. if "`id'" == "XT005" {
.     input double(row column frequency)

            row      column   frequency
  1.     1 1 1
  2.     2 1 2
  3.     1 2 1
  4.     2 2 2
  5.     1 3 1
  6.     2 3 2
  7.     end
. }

. if inlist("`id'", "XT006", "XT027") {
.     input double(row column frequency)
.     1 1 5
.     2 1 5
.     1 2 5
.     2 2 5
.     end
. }

. if "`id'" == "XT007" {
.     input double(row column frequency)
.     1 1 1250
.     2 1 386
.     1 2 4
.     2 2 4
.     end
.     local opts "or level(90)"
.     local level 90
.     local assoc_or 1
. }

. if "`id'" == "XT008" {
.     local opts "rr rd level(90)"
.     local level 90
.     local assoc_cs 1
. }

. if inlist("`id'", "XT009", "XT015", "XT024") {
.     input double(row column frequency)
.     1 1 1
.     2 1 0
.     1 2 0
.     2 2 1
.     end
. }

. if "`id'" == "XT009" {
.     replace frequency = 2*frequency
.     local opts "or"
. }

. if inlist("`id'", "XT010", "XT011", "XT012") {
.     input double(row column frequency)
.     1 0 10
.     2 0 30
.     1 1 20
.     2 1 20
.     1 2 30
.     2 2 10
.     end
.     if "`id'" == "XT011" replace column = 1e16+2*column
.     if "`id'" == "XT012" replace column = 5 if column==2
.     local opts "cochran"
. }

. if "`id'" == "XT013" {
.     input double(row column frequency)
.     1 -1 497
.     2 -1 19
.     1 0 560
.     2 0 29
.     1 1 269
.     2 1 24
.     end
.     local opts "cochran"
. }

. if "`id'" == "XT014" {
.     input double(row column frequency)
.     1 1 5
.     2 1 3
.     1 2 2
.     2 2 7
.     1 3 4
.     2 3 6
.     end
.     local opts "trend"
. }

. if "`id'" == "XT015" local opts "trend"

. if "`id'" == "XT016" {
.     input double(row column frequency)
.     1 1 0
.     2 1 1
.     1 2 1
.     2 2 0
.     end
.     local opts "trend"
. }

. if "`id'" == "XT017" {
.     set obs 6
.     replace row = . in 5
.     replace column = 1 in 5
.     replace frequency = 7 in 5
.     replace row = .a in 6
.     replace column = 1 in 6
.     replace frequency = 3 in 6
.     local opts "missing"
. }

. if "`id'" == "XT018" {
.     set obs 5
.     replace row = 999 in 5
.     replace column = 999 in 5
.     replace frequency = 0 in 5
. }

. if "`id'" == "XT019" local opts "trend missing"

. if inlist("`id'", "XT020", "XT021", "XT022") {
.     input double(row column frequency)
.     1 1 1
.     2 1 9
.     1 2 9
.     2 2 1
.     end
.     if "`id'" == "XT020" local opts "smallcells(3) or rr rd cochran"
.     if "`id'" == "XT021" {
.         local opts "smallcells(3, primary) or rr rd cochran"
.         local assoc_or 1
.         local assoc_cs 1
.     }
.     if "`id'" == "XT022" local opts "smallcells(3) rowpct"
. }

. if "`id'" == "XT023" {
.     input double(row column frequency)
.     1 1 1
.     2 1 1
.     1 2 0
.     2 2 10
.     end
.     local opts "smallcells(3, primary) rowpct"
. }

. if "`id'" == "XT024" local opts "smallcells(3, primary) totalpct"

. if "`id'" == "XT027" local opts "exact digits(2) headershade zebra"

. if "`id'" == "XT028" {
.     input double(row column frequency)
.     1 1 10
.     2 1 10
.     3 1 10
.     1 2 10
.     2 2 10
.     3 2 10
.     end
.     local opts "cochran"
. }

. local destination xlsx("`out'/`id'.xlsx")

. if "`id'" == "XT025" local destination xlsx("`out'/`id'.xlsx") excel("`out'/UNSELECTED.bad")

. if "`id'" == "XT026" local destination xlsx("") excel("`out'/`id'.xlsx")

. log using "`out'/`id'_console.txt", text replace nomsg name(xt)
(file /home/tpcopeland/R-Dev/_notes/tabtools-parity-2026-10-06/wp-6a/native-xt-v2/XT005_console.txt not found)

. capture noisily crosstab row column [fw=frequency], `opts' `destination' sheet(`id') ///
>     csv("`out'/`id'.csv") markdown("`out'/`id'.md")
  +----------------------------------------------------------------------------+
  |                            row           1           2           3   Total |
  |                              1   1 (33.3%)   1 (33.3%)   1 (33.3%)       3 |
  |                              2   2 (66.7%)   2 (66.7%)   2 (66.7%)       6 |
  |                          Total           3           3           3       9 |
  | Fisher's exact test: p = 1.000                                             |
  +----------------------------------------------------------------------------+

CSV exported to /home/tpcopeland/R-Dev/_notes/tabtools-parity-2026-10-06/wp-6a/native-xt-v2/XT005.csv
Markdown exported to /home/tpcopeland/R-Dev/_notes/tabtools-parity-2026-10-06/wp-6a/native-xt-v2/XT005.md
Exported to /home/tpcopeland/R-Dev/_notes/tabtools-parity-2026-10-06/wp-6a/native-xt-v2/XT005.xlsx, sheet XT005

. local rc = _rc

. local nr .

. local nc .

. if !`rc' {
.     mata: golden_dump_r("`out'/`id'_stored.csv", "`id'")
.     tempname xttable
.     matrix `xttable' = r(table)
.     local nr = rowsof(`xttable')
.     local nc = colsof(`xttable')
. }

. log close xt

. tempname status

. file open `status' using "`out'/`id'_status.csv", write text replace
(file /home/tpcopeland/R-Dev/_notes/tabtools-parity-2026-10-06/wp-6a/native-xt-v2/XT005_status.csv not found)

. file write `status' "id,rc,nrow,ncol,pin" _n

. file write `status' "`id',`rc',`nr',`nc',712044f83ce6dd7bb4ca4237f3f6ffbc8aea5129" _n

. file close `status'

. if !`rc' & (`assoc_or' | `assoc_cs') {
.     egen byte xtrow = group(row)
.     egen byte xtcol = group(column)
.     replace xtrow = xtrow-1
.     replace xtcol = xtcol-1
.     tempname ci
.     file open `ci' using "`out'/`id'_association.csv", write text replace
.     file write `ci' "name,value" _n
.     if `assoc_or' {
.         quietly cc xtrow xtcol [fw=frequency], level(`level')
.         file write `ci' "or," %24.17g (r(or)) _n
.         file write `ci' "or_lo," %24.17g (r(lb_or)) _n
.         file write `ci' "or_hi," %24.17g (r(ub_or)) _n
.     }
.     if `assoc_cs' {
.         quietly cs xtrow xtcol [fw=frequency], level(`level')
.         file write `ci' "rr," %24.17g (r(rr)) _n
.         file write `ci' "rr_lo," %24.17g (r(lb_rr)) _n
.         file write `ci' "rr_hi," %24.17g (r(ub_rr)) _n
.         file write `ci' "rd," %24.17g (r(rd)) _n
.         file write `ci' "rd_lo," %24.17g (r(lb_rd)) _n
.         file write `ci' "rd_hi," %24.17g (r(ub_rd)) _n
.     }
.     file close `ci'
. }

. 
end of do-file

. /* Source authoring only. Root executes one case in an owned authenticated
>    Stata17 stage with golden_helpers.do loaded. Pin 712044f8 / tabtools2.5.1.
>    args: XT001..XT028, owned output directory. No adopath fallback/golden edits.
>    Inputs are literal and OUTSIDE loops. XT018 deliberately retains zero-only
>    categories to record the actual native boundary rather than rewrite it.
>    Root aggregates per-case status CSVs in ID order to crosstab-status.csv. */
. version 17.0

. args id out

. if !regexm("`id'", "^XT0(0[1-9]|1[0-9]|2[0-8])$") exit 198

. if `"`out'"' == "" exit 198

. set more off

. set varabbrev off

. set linesize 255

. clear

. local opts ""

. local level 95

. local assoc_or 0

. local assoc_cs 0

. 
. if inlist("`id'", "XT001", "XT002", "XT003", "XT008", "XT017", "XT018", "XT019", "XT025", "XT026") {
.     input double(row column frequency)
.     1 1 40
.     2 1 10
.     1 2 20
.     2 2 30
.     end
. }

. if "`id'" == "XT001" {
.     local opts "or rr rd"
.     local assoc_or 1
.     local assoc_cs 1
. }

. if "`id'" == "XT002" {
.     replace column = 3-column
.     local opts "rowpct or rr rd"
.     local assoc_or 1
.     local assoc_cs 1
. }

. if "`id'" == "XT003" {
.     replace row = (row-1)/10
.     replace column = (column-1)/10
.     * Stata value labels require integer codes; fractional numeric codes remain numeric.
.     local opts "label totalpct or"
.     local assoc_or 1
. }

. if "`id'" == "XT004" {
.     input double(row column frequency)
.     1 1 1
.     2 1 3
.     1 2 3
.     2 2 1
.     end
.     local opts "or"
.     local assoc_or 1
. }

. if "`id'" == "XT005" {
.     input double(row column frequency)
.     1 1 1
.     2 1 2
.     1 2 1
.     2 2 2
.     1 3 1
.     2 3 2
.     end
. }

. if inlist("`id'", "XT006", "XT027") {
.     input double(row column frequency)

            row      column   frequency
  1.     1 1 5
  2.     2 1 5
  3.     1 2 5
  4.     2 2 5
  5.     end
. }

. if "`id'" == "XT007" {
.     input double(row column frequency)
.     1 1 1250
.     2 1 386
.     1 2 4
.     2 2 4
.     end
.     local opts "or level(90)"
.     local level 90
.     local assoc_or 1
. }

. if "`id'" == "XT008" {
.     local opts "rr rd level(90)"
.     local level 90
.     local assoc_cs 1
. }

. if inlist("`id'", "XT009", "XT015", "XT024") {
.     input double(row column frequency)
.     1 1 1
.     2 1 0
.     1 2 0
.     2 2 1
.     end
. }

. if "`id'" == "XT009" {
.     replace frequency = 2*frequency
.     local opts "or"
. }

. if inlist("`id'", "XT010", "XT011", "XT012") {
.     input double(row column frequency)
.     1 0 10
.     2 0 30
.     1 1 20
.     2 1 20
.     1 2 30
.     2 2 10
.     end
.     if "`id'" == "XT011" replace column = 1e16+2*column
.     if "`id'" == "XT012" replace column = 5 if column==2
.     local opts "cochran"
. }

. if "`id'" == "XT013" {
.     input double(row column frequency)
.     1 -1 497
.     2 -1 19
.     1 0 560
.     2 0 29
.     1 1 269
.     2 1 24
.     end
.     local opts "cochran"
. }

. if "`id'" == "XT014" {
.     input double(row column frequency)
.     1 1 5
.     2 1 3
.     1 2 2
.     2 2 7
.     1 3 4
.     2 3 6
.     end
.     local opts "trend"
. }

. if "`id'" == "XT015" local opts "trend"

. if "`id'" == "XT016" {
.     input double(row column frequency)
.     1 1 0
.     2 1 1
.     1 2 1
.     2 2 0
.     end
.     local opts "trend"
. }

. if "`id'" == "XT017" {
.     set obs 6
.     replace row = . in 5
.     replace column = 1 in 5
.     replace frequency = 7 in 5
.     replace row = .a in 6
.     replace column = 1 in 6
.     replace frequency = 3 in 6
.     local opts "missing"
. }

. if "`id'" == "XT018" {
.     set obs 5
.     replace row = 999 in 5
.     replace column = 999 in 5
.     replace frequency = 0 in 5
. }

. if "`id'" == "XT019" local opts "trend missing"

. if inlist("`id'", "XT020", "XT021", "XT022") {
.     input double(row column frequency)
.     1 1 1
.     2 1 9
.     1 2 9
.     2 2 1
.     end
.     if "`id'" == "XT020" local opts "smallcells(3) or rr rd cochran"
.     if "`id'" == "XT021" {
.         local opts "smallcells(3, primary) or rr rd cochran"
.         local assoc_or 1
.         local assoc_cs 1
.     }
.     if "`id'" == "XT022" local opts "smallcells(3) rowpct"
. }

. if "`id'" == "XT023" {
.     input double(row column frequency)
.     1 1 1
.     2 1 1
.     1 2 0
.     2 2 10
.     end
.     local opts "smallcells(3, primary) rowpct"
. }

. if "`id'" == "XT024" local opts "smallcells(3, primary) totalpct"

. if "`id'" == "XT027" local opts "exact digits(2) headershade zebra"

. if "`id'" == "XT028" {
.     input double(row column frequency)
.     1 1 10
.     2 1 10
.     3 1 10
.     1 2 10
.     2 2 10
.     3 2 10
.     end
.     local opts "cochran"
. }

. local destination xlsx("`out'/`id'.xlsx")

. if "`id'" == "XT025" local destination xlsx("`out'/`id'.xlsx") excel("`out'/UNSELECTED.bad")

. if "`id'" == "XT026" local destination xlsx("") excel("`out'/`id'.xlsx")

. log using "`out'/`id'_console.txt", text replace nomsg name(xt)
(file /home/tpcopeland/R-Dev/_notes/tabtools-parity-2026-10-06/wp-6a/native-xt-v2/XT006_console.txt not found)

. capture noisily crosstab row column [fw=frequency], `opts' `destination' sheet(`id') ///
>     csv("`out'/`id'.csv") markdown("`out'/`id'.md")
  +------------------------------------------------------------------------------------+
  |                                                row           1           2   Total |
  |                                                  1   5 (50.0%)   5 (50.0%)      10 |
  |                                                  2   5 (50.0%)   5 (50.0%)      10 |
  |                                              Total          10          10      20 |
  | Pearson's chi-squared test: chi2 = 0.00, p = 1.000                                 |
  +------------------------------------------------------------------------------------+

CSV exported to /home/tpcopeland/R-Dev/_notes/tabtools-parity-2026-10-06/wp-6a/native-xt-v2/XT006.csv
Markdown exported to /home/tpcopeland/R-Dev/_notes/tabtools-parity-2026-10-06/wp-6a/native-xt-v2/XT006.md
Exported to /home/tpcopeland/R-Dev/_notes/tabtools-parity-2026-10-06/wp-6a/native-xt-v2/XT006.xlsx, sheet XT006

. local rc = _rc

. local nr .

. local nc .

. if !`rc' {
.     mata: golden_dump_r("`out'/`id'_stored.csv", "`id'")
.     tempname xttable
.     matrix `xttable' = r(table)
.     local nr = rowsof(`xttable')
.     local nc = colsof(`xttable')
. }

. log close xt

. tempname status

. file open `status' using "`out'/`id'_status.csv", write text replace
(file /home/tpcopeland/R-Dev/_notes/tabtools-parity-2026-10-06/wp-6a/native-xt-v2/XT006_status.csv not found)

. file write `status' "id,rc,nrow,ncol,pin" _n

. file write `status' "`id',`rc',`nr',`nc',712044f83ce6dd7bb4ca4237f3f6ffbc8aea5129" _n

. file close `status'

. if !`rc' & (`assoc_or' | `assoc_cs') {
.     egen byte xtrow = group(row)
.     egen byte xtcol = group(column)
.     replace xtrow = xtrow-1
.     replace xtcol = xtcol-1
.     tempname ci
.     file open `ci' using "`out'/`id'_association.csv", write text replace
.     file write `ci' "name,value" _n
.     if `assoc_or' {
.         quietly cc xtrow xtcol [fw=frequency], level(`level')
.         file write `ci' "or," %24.17g (r(or)) _n
.         file write `ci' "or_lo," %24.17g (r(lb_or)) _n
.         file write `ci' "or_hi," %24.17g (r(ub_or)) _n
.     }
.     if `assoc_cs' {
.         quietly cs xtrow xtcol [fw=frequency], level(`level')
.         file write `ci' "rr," %24.17g (r(rr)) _n
.         file write `ci' "rr_lo," %24.17g (r(lb_rr)) _n
.         file write `ci' "rr_hi," %24.17g (r(ub_rr)) _n
.         file write `ci' "rd," %24.17g (r(rd)) _n
.         file write `ci' "rd_lo," %24.17g (r(lb_rd)) _n
.         file write `ci' "rd_hi," %24.17g (r(ub_rd)) _n
.     }
.     file close `ci'
. }

. 
end of do-file

. /* Source authoring only. Root executes one case in an owned authenticated
>    Stata17 stage with golden_helpers.do loaded. Pin 712044f8 / tabtools2.5.1.
>    args: XT001..XT028, owned output directory. No adopath fallback/golden edits.
>    Inputs are literal and OUTSIDE loops. XT018 deliberately retains zero-only
>    categories to record the actual native boundary rather than rewrite it.
>    Root aggregates per-case status CSVs in ID order to crosstab-status.csv. */
. version 17.0

. args id out

. if !regexm("`id'", "^XT0(0[1-9]|1[0-9]|2[0-8])$") exit 198

. if `"`out'"' == "" exit 198

. set more off

. set varabbrev off

. set linesize 255

. clear

. local opts ""

. local level 95

. local assoc_or 0

. local assoc_cs 0

. 
. if inlist("`id'", "XT001", "XT002", "XT003", "XT008", "XT017", "XT018", "XT019", "XT025", "XT026") {
.     input double(row column frequency)
.     1 1 40
.     2 1 10
.     1 2 20
.     2 2 30
.     end
. }

. if "`id'" == "XT001" {
.     local opts "or rr rd"
.     local assoc_or 1
.     local assoc_cs 1
. }

. if "`id'" == "XT002" {
.     replace column = 3-column
.     local opts "rowpct or rr rd"
.     local assoc_or 1
.     local assoc_cs 1
. }

. if "`id'" == "XT003" {
.     replace row = (row-1)/10
.     replace column = (column-1)/10
.     * Stata value labels require integer codes; fractional numeric codes remain numeric.
.     local opts "label totalpct or"
.     local assoc_or 1
. }

. if "`id'" == "XT004" {
.     input double(row column frequency)
.     1 1 1
.     2 1 3
.     1 2 3
.     2 2 1
.     end
.     local opts "or"
.     local assoc_or 1
. }

. if "`id'" == "XT005" {
.     input double(row column frequency)
.     1 1 1
.     2 1 2
.     1 2 1
.     2 2 2
.     1 3 1
.     2 3 2
.     end
. }

. if inlist("`id'", "XT006", "XT027") {
.     input double(row column frequency)
.     1 1 5
.     2 1 5
.     1 2 5
.     2 2 5
.     end
. }

. if "`id'" == "XT007" {
.     input double(row column frequency)

            row      column   frequency
  1.     1 1 1250
  2.     2 1 386
  3.     1 2 4
  4.     2 2 4
  5.     end
.     local opts "or level(90)"
.     local level 90
.     local assoc_or 1
. }

. if "`id'" == "XT008" {
.     local opts "rr rd level(90)"
.     local level 90
.     local assoc_cs 1
. }

. if inlist("`id'", "XT009", "XT015", "XT024") {
.     input double(row column frequency)
.     1 1 1
.     2 1 0
.     1 2 0
.     2 2 1
.     end
. }

. if "`id'" == "XT009" {
.     replace frequency = 2*frequency
.     local opts "or"
. }

. if inlist("`id'", "XT010", "XT011", "XT012") {
.     input double(row column frequency)
.     1 0 10
.     2 0 30
.     1 1 20
.     2 1 20
.     1 2 30
.     2 2 10
.     end
.     if "`id'" == "XT011" replace column = 1e16+2*column
.     if "`id'" == "XT012" replace column = 5 if column==2
.     local opts "cochran"
. }

. if "`id'" == "XT013" {
.     input double(row column frequency)
.     1 -1 497
.     2 -1 19
.     1 0 560
.     2 0 29
.     1 1 269
.     2 1 24
.     end
.     local opts "cochran"
. }

. if "`id'" == "XT014" {
.     input double(row column frequency)
.     1 1 5
.     2 1 3
.     1 2 2
.     2 2 7
.     1 3 4
.     2 3 6
.     end
.     local opts "trend"
. }

. if "`id'" == "XT015" local opts "trend"

. if "`id'" == "XT016" {
.     input double(row column frequency)
.     1 1 0
.     2 1 1
.     1 2 1
.     2 2 0
.     end
.     local opts "trend"
. }

. if "`id'" == "XT017" {
.     set obs 6
.     replace row = . in 5
.     replace column = 1 in 5
.     replace frequency = 7 in 5
.     replace row = .a in 6
.     replace column = 1 in 6
.     replace frequency = 3 in 6
.     local opts "missing"
. }

. if "`id'" == "XT018" {
.     set obs 5
.     replace row = 999 in 5
.     replace column = 999 in 5
.     replace frequency = 0 in 5
. }

. if "`id'" == "XT019" local opts "trend missing"

. if inlist("`id'", "XT020", "XT021", "XT022") {
.     input double(row column frequency)
.     1 1 1
.     2 1 9
.     1 2 9
.     2 2 1
.     end
.     if "`id'" == "XT020" local opts "smallcells(3) or rr rd cochran"
.     if "`id'" == "XT021" {
.         local opts "smallcells(3, primary) or rr rd cochran"
.         local assoc_or 1
.         local assoc_cs 1
.     }
.     if "`id'" == "XT022" local opts "smallcells(3) rowpct"
. }

. if "`id'" == "XT023" {
.     input double(row column frequency)
.     1 1 1
.     2 1 1
.     1 2 0
.     2 2 10
.     end
.     local opts "smallcells(3, primary) rowpct"
. }

. if "`id'" == "XT024" local opts "smallcells(3, primary) totalpct"

. if "`id'" == "XT027" local opts "exact digits(2) headershade zebra"

. if "`id'" == "XT028" {
.     input double(row column frequency)
.     1 1 10
.     2 1 10
.     3 1 10
.     1 2 10
.     2 2 10
.     3 2 10
.     end
.     local opts "cochran"
. }

. local destination xlsx("`out'/`id'.xlsx")

. if "`id'" == "XT025" local destination xlsx("`out'/`id'.xlsx") excel("`out'/UNSELECTED.bad")

. if "`id'" == "XT026" local destination xlsx("") excel("`out'/`id'.xlsx")

. log using "`out'/`id'_console.txt", text replace nomsg name(xt)
(file /home/tpcopeland/R-Dev/_notes/tabtools-parity-2026-10-06/wp-6a/native-xt-v2/XT007_console.txt not found)

. capture noisily crosstab row column [fw=frequency], `opts' `destination' sheet(`id') ///
>     csv("`out'/`id'.csv") markdown("`out'/`id'.md")
  +--------------------------------------------------------------------+
  |                            row               1           2   Total |
  |                              1   1,250 (76.4%)   4 (50.0%)   1,254 |
  |                              2     386 (23.6%)   4 (50.0%)     390 |
  |                          Total           1,636           8   1,644 |
  | Fisher's exact test: p = 0.096                                     |
  |   OR = 3.2 (90% CI: 0.8, 13.6)                                     |
  +--------------------------------------------------------------------+

CSV exported to /home/tpcopeland/R-Dev/_notes/tabtools-parity-2026-10-06/wp-6a/native-xt-v2/XT007.csv
Markdown exported to /home/tpcopeland/R-Dev/_notes/tabtools-parity-2026-10-06/wp-6a/native-xt-v2/XT007.md
Exported to /home/tpcopeland/R-Dev/_notes/tabtools-parity-2026-10-06/wp-6a/native-xt-v2/XT007.xlsx, sheet XT007

. local rc = _rc

. local nr .

. local nc .

. if !`rc' {
.     mata: golden_dump_r("`out'/`id'_stored.csv", "`id'")
.     tempname xttable
.     matrix `xttable' = r(table)
.     local nr = rowsof(`xttable')
.     local nc = colsof(`xttable')
. }

. log close xt

. tempname status

. file open `status' using "`out'/`id'_status.csv", write text replace
(file /home/tpcopeland/R-Dev/_notes/tabtools-parity-2026-10-06/wp-6a/native-xt-v2/XT007_status.csv not found)

. file write `status' "id,rc,nrow,ncol,pin" _n

. file write `status' "`id',`rc',`nr',`nc',712044f83ce6dd7bb4ca4237f3f6ffbc8aea5129" _n

. file close `status'

. if !`rc' & (`assoc_or' | `assoc_cs') {
.     egen byte xtrow = group(row)
.     egen byte xtcol = group(column)
.     replace xtrow = xtrow-1
(4 real changes made)
.     replace xtcol = xtcol-1
(4 real changes made)
.     tempname ci
.     file open `ci' using "`out'/`id'_association.csv", write text replace
(file /home/tpcopeland/R-Dev/_notes/tabtools-parity-2026-10-06/wp-6a/native-xt-v2/XT007_association.csv not found)
.     file write `ci' "name,value" _n
.     if `assoc_or' {
.         quietly cc xtrow xtcol [fw=frequency], level(`level')
.         file write `ci' "or," %24.17g (r(or)) _n
.         file write `ci' "or_lo," %24.17g (r(lb_or)) _n
.         file write `ci' "or_hi," %24.17g (r(ub_or)) _n
.     }
.     if `assoc_cs' {
.         quietly cs xtrow xtcol [fw=frequency], level(`level')
.         file write `ci' "rr," %24.17g (r(rr)) _n
.         file write `ci' "rr_lo," %24.17g (r(lb_rr)) _n
.         file write `ci' "rr_hi," %24.17g (r(ub_rr)) _n
.         file write `ci' "rd," %24.17g (r(rd)) _n
.         file write `ci' "rd_lo," %24.17g (r(lb_rd)) _n
.         file write `ci' "rd_hi," %24.17g (r(ub_rd)) _n
.     }
.     file close `ci'
. }

. 
end of do-file

. /* Source authoring only. Root executes one case in an owned authenticated
>    Stata17 stage with golden_helpers.do loaded. Pin 712044f8 / tabtools2.5.1.
>    args: XT001..XT028, owned output directory. No adopath fallback/golden edits.
>    Inputs are literal and OUTSIDE loops. XT018 deliberately retains zero-only
>    categories to record the actual native boundary rather than rewrite it.
>    Root aggregates per-case status CSVs in ID order to crosstab-status.csv. */
. version 17.0

. args id out

. if !regexm("`id'", "^XT0(0[1-9]|1[0-9]|2[0-8])$") exit 198

. if `"`out'"' == "" exit 198

. set more off

. set varabbrev off

. set linesize 255

. clear

. local opts ""

. local level 95

. local assoc_or 0

. local assoc_cs 0

. 
. if inlist("`id'", "XT001", "XT002", "XT003", "XT008", "XT017", "XT018", "XT019", "XT025", "XT026") {
.     input double(row column frequency)

            row      column   frequency
  1.     1 1 40
  2.     2 1 10
  3.     1 2 20
  4.     2 2 30
  5.     end
. }

. if "`id'" == "XT001" {
.     local opts "or rr rd"
.     local assoc_or 1
.     local assoc_cs 1
. }

. if "`id'" == "XT002" {
.     replace column = 3-column
.     local opts "rowpct or rr rd"
.     local assoc_or 1
.     local assoc_cs 1
. }

. if "`id'" == "XT003" {
.     replace row = (row-1)/10
.     replace column = (column-1)/10
.     * Stata value labels require integer codes; fractional numeric codes remain numeric.
.     local opts "label totalpct or"
.     local assoc_or 1
. }

. if "`id'" == "XT004" {
.     input double(row column frequency)
.     1 1 1
.     2 1 3
.     1 2 3
.     2 2 1
.     end
.     local opts "or"
.     local assoc_or 1
. }

. if "`id'" == "XT005" {
.     input double(row column frequency)
.     1 1 1
.     2 1 2
.     1 2 1
.     2 2 2
.     1 3 1
.     2 3 2
.     end
. }

. if inlist("`id'", "XT006", "XT027") {
.     input double(row column frequency)
.     1 1 5
.     2 1 5
.     1 2 5
.     2 2 5
.     end
. }

. if "`id'" == "XT007" {
.     input double(row column frequency)
.     1 1 1250
.     2 1 386
.     1 2 4
.     2 2 4
.     end
.     local opts "or level(90)"
.     local level 90
.     local assoc_or 1
. }

. if "`id'" == "XT008" {
.     local opts "rr rd level(90)"
.     local level 90
.     local assoc_cs 1
. }

. if inlist("`id'", "XT009", "XT015", "XT024") {
.     input double(row column frequency)
.     1 1 1
.     2 1 0
.     1 2 0
.     2 2 1
.     end
. }

. if "`id'" == "XT009" {
.     replace frequency = 2*frequency
.     local opts "or"
. }

. if inlist("`id'", "XT010", "XT011", "XT012") {
.     input double(row column frequency)
.     1 0 10
.     2 0 30
.     1 1 20
.     2 1 20
.     1 2 30
.     2 2 10
.     end
.     if "`id'" == "XT011" replace column = 1e16+2*column
.     if "`id'" == "XT012" replace column = 5 if column==2
.     local opts "cochran"
. }

. if "`id'" == "XT013" {
.     input double(row column frequency)
.     1 -1 497
.     2 -1 19
.     1 0 560
.     2 0 29
.     1 1 269
.     2 1 24
.     end
.     local opts "cochran"
. }

. if "`id'" == "XT014" {
.     input double(row column frequency)
.     1 1 5
.     2 1 3
.     1 2 2
.     2 2 7
.     1 3 4
.     2 3 6
.     end
.     local opts "trend"
. }

. if "`id'" == "XT015" local opts "trend"

. if "`id'" == "XT016" {
.     input double(row column frequency)
.     1 1 0
.     2 1 1
.     1 2 1
.     2 2 0
.     end
.     local opts "trend"
. }

. if "`id'" == "XT017" {
.     set obs 6
.     replace row = . in 5
.     replace column = 1 in 5
.     replace frequency = 7 in 5
.     replace row = .a in 6
.     replace column = 1 in 6
.     replace frequency = 3 in 6
.     local opts "missing"
. }

. if "`id'" == "XT018" {
.     set obs 5
.     replace row = 999 in 5
.     replace column = 999 in 5
.     replace frequency = 0 in 5
. }

. if "`id'" == "XT019" local opts "trend missing"

. if inlist("`id'", "XT020", "XT021", "XT022") {
.     input double(row column frequency)
.     1 1 1
.     2 1 9
.     1 2 9
.     2 2 1
.     end
.     if "`id'" == "XT020" local opts "smallcells(3) or rr rd cochran"
.     if "`id'" == "XT021" {
.         local opts "smallcells(3, primary) or rr rd cochran"
.         local assoc_or 1
.         local assoc_cs 1
.     }
.     if "`id'" == "XT022" local opts "smallcells(3) rowpct"
. }

. if "`id'" == "XT023" {
.     input double(row column frequency)
.     1 1 1
.     2 1 1
.     1 2 0
.     2 2 10
.     end
.     local opts "smallcells(3, primary) rowpct"
. }

. if "`id'" == "XT024" local opts "smallcells(3, primary) totalpct"

. if "`id'" == "XT027" local opts "exact digits(2) headershade zebra"

. if "`id'" == "XT028" {
.     input double(row column frequency)
.     1 1 10
.     2 1 10
.     3 1 10
.     1 2 10
.     2 2 10
.     3 2 10
.     end
.     local opts "cochran"
. }

. local destination xlsx("`out'/`id'.xlsx")

. if "`id'" == "XT025" local destination xlsx("`out'/`id'.xlsx") excel("`out'/UNSELECTED.bad")

. if "`id'" == "XT026" local destination xlsx("") excel("`out'/`id'.xlsx")

. log using "`out'/`id'_console.txt", text replace nomsg name(xt)
(file /home/tpcopeland/R-Dev/_notes/tabtools-parity-2026-10-06/wp-6a/native-xt-v2/XT008_console.txt not found)

. capture noisily crosstab row column [fw=frequency], `opts' `destination' sheet(`id') ///
>     csv("`out'/`id'.csv") markdown("`out'/`id'.md")
  +---------------------------------------------------------------------------------------+
  |                                                 row            1            2   Total |
  |                                                   1   40 (80.0%)   20 (40.0%)      60 |
  |                                                   2   10 (20.0%)   30 (60.0%)      40 |
  |                                               Total           50           50     100 |
  | Pearson's chi-squared test: chi2 = 16.67, p < 0.001                                   |
  |                         RR = 3.0 (90% CI: 1.8, 5.0)                                   |
  |                   RD = 0.400 (90% CI: 0.253, 0.547)                                   |
  +---------------------------------------------------------------------------------------+

CSV exported to /home/tpcopeland/R-Dev/_notes/tabtools-parity-2026-10-06/wp-6a/native-xt-v2/XT008.csv
Markdown exported to /home/tpcopeland/R-Dev/_notes/tabtools-parity-2026-10-06/wp-6a/native-xt-v2/XT008.md
Exported to /home/tpcopeland/R-Dev/_notes/tabtools-parity-2026-10-06/wp-6a/native-xt-v2/XT008.xlsx, sheet XT008

. local rc = _rc

. local nr .

. local nc .

. if !`rc' {
.     mata: golden_dump_r("`out'/`id'_stored.csv", "`id'")
.     tempname xttable
.     matrix `xttable' = r(table)
.     local nr = rowsof(`xttable')
.     local nc = colsof(`xttable')
. }

. log close xt

. tempname status

. file open `status' using "`out'/`id'_status.csv", write text replace
(file /home/tpcopeland/R-Dev/_notes/tabtools-parity-2026-10-06/wp-6a/native-xt-v2/XT008_status.csv not found)

. file write `status' "id,rc,nrow,ncol,pin" _n

. file write `status' "`id',`rc',`nr',`nc',712044f83ce6dd7bb4ca4237f3f6ffbc8aea5129" _n

. file close `status'

. if !`rc' & (`assoc_or' | `assoc_cs') {
.     egen byte xtrow = group(row)
.     egen byte xtcol = group(column)
.     replace xtrow = xtrow-1
(4 real changes made)
.     replace xtcol = xtcol-1
(4 real changes made)
.     tempname ci
.     file open `ci' using "`out'/`id'_association.csv", write text replace
(file /home/tpcopeland/R-Dev/_notes/tabtools-parity-2026-10-06/wp-6a/native-xt-v2/XT008_association.csv not found)
.     file write `ci' "name,value" _n
.     if `assoc_or' {
.         quietly cc xtrow xtcol [fw=frequency], level(`level')
.         file write `ci' "or," %24.17g (r(or)) _n
.         file write `ci' "or_lo," %24.17g (r(lb_or)) _n
.         file write `ci' "or_hi," %24.17g (r(ub_or)) _n
.     }
.     if `assoc_cs' {
.         quietly cs xtrow xtcol [fw=frequency], level(`level')
.         file write `ci' "rr," %24.17g (r(rr)) _n
.         file write `ci' "rr_lo," %24.17g (r(lb_rr)) _n
.         file write `ci' "rr_hi," %24.17g (r(ub_rr)) _n
.         file write `ci' "rd," %24.17g (r(rd)) _n
.         file write `ci' "rd_lo," %24.17g (r(lb_rd)) _n
.         file write `ci' "rd_hi," %24.17g (r(ub_rd)) _n
.     }
.     file close `ci'
. }

. 
end of do-file

. /* Source authoring only. Root executes one case in an owned authenticated
>    Stata17 stage with golden_helpers.do loaded. Pin 712044f8 / tabtools2.5.1.
>    args: XT001..XT028, owned output directory. No adopath fallback/golden edits.
>    Inputs are literal and OUTSIDE loops. XT018 deliberately retains zero-only
>    categories to record the actual native boundary rather than rewrite it.
>    Root aggregates per-case status CSVs in ID order to crosstab-status.csv. */
. version 17.0

. args id out

. if !regexm("`id'", "^XT0(0[1-9]|1[0-9]|2[0-8])$") exit 198

. if `"`out'"' == "" exit 198

. set more off

. set varabbrev off

. set linesize 255

. clear

. local opts ""

. local level 95

. local assoc_or 0

. local assoc_cs 0

. 
. if inlist("`id'", "XT001", "XT002", "XT003", "XT008", "XT017", "XT018", "XT019", "XT025", "XT026") {
.     input double(row column frequency)
.     1 1 40
.     2 1 10
.     1 2 20
.     2 2 30
.     end
. }

. if "`id'" == "XT001" {
.     local opts "or rr rd"
.     local assoc_or 1
.     local assoc_cs 1
. }

. if "`id'" == "XT002" {
.     replace column = 3-column
.     local opts "rowpct or rr rd"
.     local assoc_or 1
.     local assoc_cs 1
. }

. if "`id'" == "XT003" {
.     replace row = (row-1)/10
.     replace column = (column-1)/10
.     * Stata value labels require integer codes; fractional numeric codes remain numeric.
.     local opts "label totalpct or"
.     local assoc_or 1
. }

. if "`id'" == "XT004" {
.     input double(row column frequency)
.     1 1 1
.     2 1 3
.     1 2 3
.     2 2 1
.     end
.     local opts "or"
.     local assoc_or 1
. }

. if "`id'" == "XT005" {
.     input double(row column frequency)
.     1 1 1
.     2 1 2
.     1 2 1
.     2 2 2
.     1 3 1
.     2 3 2
.     end
. }

. if inlist("`id'", "XT006", "XT027") {
.     input double(row column frequency)
.     1 1 5
.     2 1 5
.     1 2 5
.     2 2 5
.     end
. }

. if "`id'" == "XT007" {
.     input double(row column frequency)
.     1 1 1250
.     2 1 386
.     1 2 4
.     2 2 4
.     end
.     local opts "or level(90)"
.     local level 90
.     local assoc_or 1
. }

. if "`id'" == "XT008" {
.     local opts "rr rd level(90)"
.     local level 90
.     local assoc_cs 1
. }

. if inlist("`id'", "XT009", "XT015", "XT024") {
.     input double(row column frequency)

            row      column   frequency
  1.     1 1 1
  2.     2 1 0
  3.     1 2 0
  4.     2 2 1
  5.     end
. }

. if "`id'" == "XT009" {
.     replace frequency = 2*frequency
(2 real changes made)
.     local opts "or"
. }

. if inlist("`id'", "XT010", "XT011", "XT012") {
.     input double(row column frequency)
.     1 0 10
.     2 0 30
.     1 1 20
.     2 1 20
.     1 2 30
.     2 2 10
.     end
.     if "`id'" == "XT011" replace column = 1e16+2*column
.     if "`id'" == "XT012" replace column = 5 if column==2
.     local opts "cochran"
. }

. if "`id'" == "XT013" {
.     input double(row column frequency)
.     1 -1 497
.     2 -1 19
.     1 0 560
.     2 0 29
.     1 1 269
.     2 1 24
.     end
.     local opts "cochran"
. }

. if "`id'" == "XT014" {
.     input double(row column frequency)
.     1 1 5
.     2 1 3
.     1 2 2
.     2 2 7
.     1 3 4
.     2 3 6
.     end
.     local opts "trend"
. }

. if "`id'" == "XT015" local opts "trend"

. if "`id'" == "XT016" {
.     input double(row column frequency)
.     1 1 0
.     2 1 1
.     1 2 1
.     2 2 0
.     end
.     local opts "trend"
. }

. if "`id'" == "XT017" {
.     set obs 6
.     replace row = . in 5
.     replace column = 1 in 5
.     replace frequency = 7 in 5
.     replace row = .a in 6
.     replace column = 1 in 6
.     replace frequency = 3 in 6
.     local opts "missing"
. }

. if "`id'" == "XT018" {
.     set obs 5
.     replace row = 999 in 5
.     replace column = 999 in 5
.     replace frequency = 0 in 5
. }

. if "`id'" == "XT019" local opts "trend missing"

. if inlist("`id'", "XT020", "XT021", "XT022") {
.     input double(row column frequency)
.     1 1 1
.     2 1 9
.     1 2 9
.     2 2 1
.     end
.     if "`id'" == "XT020" local opts "smallcells(3) or rr rd cochran"
.     if "`id'" == "XT021" {
.         local opts "smallcells(3, primary) or rr rd cochran"
.         local assoc_or 1
.         local assoc_cs 1
.     }
.     if "`id'" == "XT022" local opts "smallcells(3) rowpct"
. }

. if "`id'" == "XT023" {
.     input double(row column frequency)
.     1 1 1
.     2 1 1
.     1 2 0
.     2 2 10
.     end
.     local opts "smallcells(3, primary) rowpct"
. }

. if "`id'" == "XT024" local opts "smallcells(3, primary) totalpct"

. if "`id'" == "XT027" local opts "exact digits(2) headershade zebra"

. if "`id'" == "XT028" {
.     input double(row column frequency)
.     1 1 10
.     2 1 10
.     3 1 10
.     1 2 10
.     2 2 10
.     3 2 10
.     end
.     local opts "cochran"
. }

. local destination xlsx("`out'/`id'.xlsx")

. if "`id'" == "XT025" local destination xlsx("`out'/`id'.xlsx") excel("`out'/UNSELECTED.bad")

. if "`id'" == "XT026" local destination xlsx("") excel("`out'/`id'.xlsx")

. log using "`out'/`id'_console.txt", text replace nomsg name(xt)
(file /home/tpcopeland/R-Dev/_notes/tabtools-parity-2026-10-06/wp-6a/native-xt-v2/XT009_console.txt not found)

. capture noisily crosstab row column [fw=frequency], `opts' `destination' sheet(`id') ///
>     csv("`out'/`id'.csv") markdown("`out'/`id'.md")
odds ratio is undefined for this 2x2 table

. local rc = _rc

. local nr .

. local nc .

. if !`rc' {
.     mata: golden_dump_r("`out'/`id'_stored.csv", "`id'")
.     tempname xttable
.     matrix `xttable' = r(table)
.     local nr = rowsof(`xttable')
.     local nc = colsof(`xttable')
. }

. log close xt

. tempname status

. file open `status' using "`out'/`id'_status.csv", write text replace
(file /home/tpcopeland/R-Dev/_notes/tabtools-parity-2026-10-06/wp-6a/native-xt-v2/XT009_status.csv not found)

. file write `status' "id,rc,nrow,ncol,pin" _n

. file write `status' "`id',`rc',`nr',`nc',712044f83ce6dd7bb4ca4237f3f6ffbc8aea5129" _n

. file close `status'

. if !`rc' & (`assoc_or' | `assoc_cs') {
.     egen byte xtrow = group(row)
.     egen byte xtcol = group(column)
.     replace xtrow = xtrow-1
.     replace xtcol = xtcol-1
.     tempname ci
.     file open `ci' using "`out'/`id'_association.csv", write text replace
.     file write `ci' "name,value" _n
.     if `assoc_or' {
.         quietly cc xtrow xtcol [fw=frequency], level(`level')
.         file write `ci' "or," %24.17g (r(or)) _n
.         file write `ci' "or_lo," %24.17g (r(lb_or)) _n
.         file write `ci' "or_hi," %24.17g (r(ub_or)) _n
.     }
.     if `assoc_cs' {
.         quietly cs xtrow xtcol [fw=frequency], level(`level')
.         file write `ci' "rr," %24.17g (r(rr)) _n
.         file write `ci' "rr_lo," %24.17g (r(lb_rr)) _n
.         file write `ci' "rr_hi," %24.17g (r(ub_rr)) _n
.         file write `ci' "rd," %24.17g (r(rd)) _n
.         file write `ci' "rd_lo," %24.17g (r(lb_rd)) _n
.         file write `ci' "rd_hi," %24.17g (r(ub_rd)) _n
.     }
.     file close `ci'
. }

. 
end of do-file

. /* Source authoring only. Root executes one case in an owned authenticated
>    Stata17 stage with golden_helpers.do loaded. Pin 712044f8 / tabtools2.5.1.
>    args: XT001..XT028, owned output directory. No adopath fallback/golden edits.
>    Inputs are literal and OUTSIDE loops. XT018 deliberately retains zero-only
>    categories to record the actual native boundary rather than rewrite it.
>    Root aggregates per-case status CSVs in ID order to crosstab-status.csv. */
. version 17.0

. args id out

. if !regexm("`id'", "^XT0(0[1-9]|1[0-9]|2[0-8])$") exit 198

. if `"`out'"' == "" exit 198

. set more off

. set varabbrev off

. set linesize 255

. clear

. local opts ""

. local level 95

. local assoc_or 0

. local assoc_cs 0

. 
. if inlist("`id'", "XT001", "XT002", "XT003", "XT008", "XT017", "XT018", "XT019", "XT025", "XT026") {
.     input double(row column frequency)
.     1 1 40
.     2 1 10
.     1 2 20
.     2 2 30
.     end
. }

. if "`id'" == "XT001" {
.     local opts "or rr rd"
.     local assoc_or 1
.     local assoc_cs 1
. }

. if "`id'" == "XT002" {
.     replace column = 3-column
.     local opts "rowpct or rr rd"
.     local assoc_or 1
.     local assoc_cs 1
. }

. if "`id'" == "XT003" {
.     replace row = (row-1)/10
.     replace column = (column-1)/10
.     * Stata value labels require integer codes; fractional numeric codes remain numeric.
.     local opts "label totalpct or"
.     local assoc_or 1
. }

. if "`id'" == "XT004" {
.     input double(row column frequency)
.     1 1 1
.     2 1 3
.     1 2 3
.     2 2 1
.     end
.     local opts "or"
.     local assoc_or 1
. }

. if "`id'" == "XT005" {
.     input double(row column frequency)
.     1 1 1
.     2 1 2
.     1 2 1
.     2 2 2
.     1 3 1
.     2 3 2
.     end
. }

. if inlist("`id'", "XT006", "XT027") {
.     input double(row column frequency)
.     1 1 5
.     2 1 5
.     1 2 5
.     2 2 5
.     end
. }

. if "`id'" == "XT007" {
.     input double(row column frequency)
.     1 1 1250
.     2 1 386
.     1 2 4
.     2 2 4
.     end
.     local opts "or level(90)"
.     local level 90
.     local assoc_or 1
. }

. if "`id'" == "XT008" {
.     local opts "rr rd level(90)"
.     local level 90
.     local assoc_cs 1
. }

. if inlist("`id'", "XT009", "XT015", "XT024") {
.     input double(row column frequency)
.     1 1 1
.     2 1 0
.     1 2 0
.     2 2 1
.     end
. }

. if "`id'" == "XT009" {
.     replace frequency = 2*frequency
.     local opts "or"
. }

. if inlist("`id'", "XT010", "XT011", "XT012") {
.     input double(row column frequency)

            row      column   frequency
  1.     1 0 10
  2.     2 0 30
  3.     1 1 20
  4.     2 1 20
  5.     1 2 30
  6.     2 2 10
  7.     end
.     if "`id'" == "XT011" replace column = 1e16+2*column
.     if "`id'" == "XT012" replace column = 5 if column==2
.     local opts "cochran"
. }

. if "`id'" == "XT013" {
.     input double(row column frequency)
.     1 -1 497
.     2 -1 19
.     1 0 560
.     2 0 29
.     1 1 269
.     2 1 24
.     end
.     local opts "cochran"
. }

. if "`id'" == "XT014" {
.     input double(row column frequency)
.     1 1 5
.     2 1 3
.     1 2 2
.     2 2 7
.     1 3 4
.     2 3 6
.     end
.     local opts "trend"
. }

. if "`id'" == "XT015" local opts "trend"

. if "`id'" == "XT016" {
.     input double(row column frequency)
.     1 1 0
.     2 1 1
.     1 2 1
.     2 2 0
.     end
.     local opts "trend"
. }

. if "`id'" == "XT017" {
.     set obs 6
.     replace row = . in 5
.     replace column = 1 in 5
.     replace frequency = 7 in 5
.     replace row = .a in 6
.     replace column = 1 in 6
.     replace frequency = 3 in 6
.     local opts "missing"
. }

. if "`id'" == "XT018" {
.     set obs 5
.     replace row = 999 in 5
.     replace column = 999 in 5
.     replace frequency = 0 in 5
. }

. if "`id'" == "XT019" local opts "trend missing"

. if inlist("`id'", "XT020", "XT021", "XT022") {
.     input double(row column frequency)
.     1 1 1
.     2 1 9
.     1 2 9
.     2 2 1
.     end
.     if "`id'" == "XT020" local opts "smallcells(3) or rr rd cochran"
.     if "`id'" == "XT021" {
.         local opts "smallcells(3, primary) or rr rd cochran"
.         local assoc_or 1
.         local assoc_cs 1
.     }
.     if "`id'" == "XT022" local opts "smallcells(3) rowpct"
. }

. if "`id'" == "XT023" {
.     input double(row column frequency)
.     1 1 1
.     2 1 1
.     1 2 0
.     2 2 10
.     end
.     local opts "smallcells(3, primary) rowpct"
. }

. if "`id'" == "XT024" local opts "smallcells(3, primary) totalpct"

. if "`id'" == "XT027" local opts "exact digits(2) headershade zebra"

. if "`id'" == "XT028" {
.     input double(row column frequency)
.     1 1 10
.     2 1 10
.     3 1 10
.     1 2 10
.     2 2 10
.     3 2 10
.     end
.     local opts "cochran"
. }

. local destination xlsx("`out'/`id'.xlsx")

. if "`id'" == "XT025" local destination xlsx("`out'/`id'.xlsx") excel("`out'/UNSELECTED.bad")

. if "`id'" == "XT026" local destination xlsx("") excel("`out'/`id'.xlsx")

. log using "`out'/`id'_console.txt", text replace nomsg name(xt)
(file /home/tpcopeland/R-Dev/_notes/tabtools-parity-2026-10-06/wp-6a/native-xt-v2/XT010_console.txt not found)

. capture noisily crosstab row column [fw=frequency], `opts' `destination' sheet(`id') ///
>     csv("`out'/`id'.csv") markdown("`out'/`id'.md")
  +----------------------------------------------------------------------------------------------------+
  |                                                 row            0            1            2   Total |
  |                                                   1   10 (25.0%)   20 (50.0%)   30 (75.0%)      60 |
  |                                                   2   30 (75.0%)   20 (50.0%)   10 (25.0%)      60 |
  |                                               Total           40           40           40     120 |
  | Pearson's chi-squared test: chi2 = 20.00, p < 0.001                                                |
  |             P for trend (Cochran-Armitage) = <0.001                                                |
  +----------------------------------------------------------------------------------------------------+

CSV exported to /home/tpcopeland/R-Dev/_notes/tabtools-parity-2026-10-06/wp-6a/native-xt-v2/XT010.csv
Markdown exported to /home/tpcopeland/R-Dev/_notes/tabtools-parity-2026-10-06/wp-6a/native-xt-v2/XT010.md
Exported to /home/tpcopeland/R-Dev/_notes/tabtools-parity-2026-10-06/wp-6a/native-xt-v2/XT010.xlsx, sheet XT010

. local rc = _rc

. local nr .

. local nc .

. if !`rc' {
.     mata: golden_dump_r("`out'/`id'_stored.csv", "`id'")
.     tempname xttable
.     matrix `xttable' = r(table)
.     local nr = rowsof(`xttable')
.     local nc = colsof(`xttable')
. }

. log close xt

. tempname status

. file open `status' using "`out'/`id'_status.csv", write text replace
(file /home/tpcopeland/R-Dev/_notes/tabtools-parity-2026-10-06/wp-6a/native-xt-v2/XT010_status.csv not found)

. file write `status' "id,rc,nrow,ncol,pin" _n

. file write `status' "`id',`rc',`nr',`nc',712044f83ce6dd7bb4ca4237f3f6ffbc8aea5129" _n

. file close `status'

. if !`rc' & (`assoc_or' | `assoc_cs') {
.     egen byte xtrow = group(row)
.     egen byte xtcol = group(column)
.     replace xtrow = xtrow-1
.     replace xtcol = xtcol-1
.     tempname ci
.     file open `ci' using "`out'/`id'_association.csv", write text replace
.     file write `ci' "name,value" _n
.     if `assoc_or' {
.         quietly cc xtrow xtcol [fw=frequency], level(`level')
.         file write `ci' "or," %24.17g (r(or)) _n
.         file write `ci' "or_lo," %24.17g (r(lb_or)) _n
.         file write `ci' "or_hi," %24.17g (r(ub_or)) _n
.     }
.     if `assoc_cs' {
.         quietly cs xtrow xtcol [fw=frequency], level(`level')
.         file write `ci' "rr," %24.17g (r(rr)) _n
.         file write `ci' "rr_lo," %24.17g (r(lb_rr)) _n
.         file write `ci' "rr_hi," %24.17g (r(ub_rr)) _n
.         file write `ci' "rd," %24.17g (r(rd)) _n
.         file write `ci' "rd_lo," %24.17g (r(lb_rd)) _n
.         file write `ci' "rd_hi," %24.17g (r(ub_rd)) _n
.     }
.     file close `ci'
. }

. 
end of do-file

. /* Source authoring only. Root executes one case in an owned authenticated
>    Stata17 stage with golden_helpers.do loaded. Pin 712044f8 / tabtools2.5.1.
>    args: XT001..XT028, owned output directory. No adopath fallback/golden edits.
>    Inputs are literal and OUTSIDE loops. XT018 deliberately retains zero-only
>    categories to record the actual native boundary rather than rewrite it.
>    Root aggregates per-case status CSVs in ID order to crosstab-status.csv. */
. version 17.0

. args id out

. if !regexm("`id'", "^XT0(0[1-9]|1[0-9]|2[0-8])$") exit 198

. if `"`out'"' == "" exit 198

. set more off

. set varabbrev off

. set linesize 255

. clear

. local opts ""

. local level 95

. local assoc_or 0

. local assoc_cs 0

. 
. if inlist("`id'", "XT001", "XT002", "XT003", "XT008", "XT017", "XT018", "XT019", "XT025", "XT026") {
.     input double(row column frequency)
.     1 1 40
.     2 1 10
.     1 2 20
.     2 2 30
.     end
. }

. if "`id'" == "XT001" {
.     local opts "or rr rd"
.     local assoc_or 1
.     local assoc_cs 1
. }

. if "`id'" == "XT002" {
.     replace column = 3-column
.     local opts "rowpct or rr rd"
.     local assoc_or 1
.     local assoc_cs 1
. }

. if "`id'" == "XT003" {
.     replace row = (row-1)/10
.     replace column = (column-1)/10
.     * Stata value labels require integer codes; fractional numeric codes remain numeric.
.     local opts "label totalpct or"
.     local assoc_or 1
. }

. if "`id'" == "XT004" {
.     input double(row column frequency)
.     1 1 1
.     2 1 3
.     1 2 3
.     2 2 1
.     end
.     local opts "or"
.     local assoc_or 1
. }

. if "`id'" == "XT005" {
.     input double(row column frequency)
.     1 1 1
.     2 1 2
.     1 2 1
.     2 2 2
.     1 3 1
.     2 3 2
.     end
. }

. if inlist("`id'", "XT006", "XT027") {
.     input double(row column frequency)
.     1 1 5
.     2 1 5
.     1 2 5
.     2 2 5
.     end
. }

. if "`id'" == "XT007" {
.     input double(row column frequency)
.     1 1 1250
.     2 1 386
.     1 2 4
.     2 2 4
.     end
.     local opts "or level(90)"
.     local level 90
.     local assoc_or 1
. }

. if "`id'" == "XT008" {
.     local opts "rr rd level(90)"
.     local level 90
.     local assoc_cs 1
. }

. if inlist("`id'", "XT009", "XT015", "XT024") {
.     input double(row column frequency)
.     1 1 1
.     2 1 0
.     1 2 0
.     2 2 1
.     end
. }

. if "`id'" == "XT009" {
.     replace frequency = 2*frequency
.     local opts "or"
. }

. if inlist("`id'", "XT010", "XT011", "XT012") {
.     input double(row column frequency)

            row      column   frequency
  1.     1 0 10
  2.     2 0 30
  3.     1 1 20
  4.     2 1 20
  5.     1 2 30
  6.     2 2 10
  7.     end
.     if "`id'" == "XT011" replace column = 1e16+2*column
(6 real changes made)
.     if "`id'" == "XT012" replace column = 5 if column==2
.     local opts "cochran"
. }

. if "`id'" == "XT013" {
.     input double(row column frequency)
.     1 -1 497
.     2 -1 19
.     1 0 560
.     2 0 29
.     1 1 269
.     2 1 24
.     end
.     local opts "cochran"
. }

. if "`id'" == "XT014" {
.     input double(row column frequency)
.     1 1 5
.     2 1 3
.     1 2 2
.     2 2 7
.     1 3 4
.     2 3 6
.     end
.     local opts "trend"
. }

. if "`id'" == "XT015" local opts "trend"

. if "`id'" == "XT016" {
.     input double(row column frequency)
.     1 1 0
.     2 1 1
.     1 2 1
.     2 2 0
.     end
.     local opts "trend"
. }

. if "`id'" == "XT017" {
.     set obs 6
.     replace row = . in 5
.     replace column = 1 in 5
.     replace frequency = 7 in 5
.     replace row = .a in 6
.     replace column = 1 in 6
.     replace frequency = 3 in 6
.     local opts "missing"
. }

. if "`id'" == "XT018" {
.     set obs 5
.     replace row = 999 in 5
.     replace column = 999 in 5
.     replace frequency = 0 in 5
. }

. if "`id'" == "XT019" local opts "trend missing"

. if inlist("`id'", "XT020", "XT021", "XT022") {
.     input double(row column frequency)
.     1 1 1
.     2 1 9
.     1 2 9
.     2 2 1
.     end
.     if "`id'" == "XT020" local opts "smallcells(3) or rr rd cochran"
.     if "`id'" == "XT021" {
.         local opts "smallcells(3, primary) or rr rd cochran"
.         local assoc_or 1
.         local assoc_cs 1
.     }
.     if "`id'" == "XT022" local opts "smallcells(3) rowpct"
. }

. if "`id'" == "XT023" {
.     input double(row column frequency)
.     1 1 1
.     2 1 1
.     1 2 0
.     2 2 10
.     end
.     local opts "smallcells(3, primary) rowpct"
. }

. if "`id'" == "XT024" local opts "smallcells(3, primary) totalpct"

. if "`id'" == "XT027" local opts "exact digits(2) headershade zebra"

. if "`id'" == "XT028" {
.     input double(row column frequency)
.     1 1 10
.     2 1 10
.     3 1 10
.     1 2 10
.     2 2 10
.     3 2 10
.     end
.     local opts "cochran"
. }

. local destination xlsx("`out'/`id'.xlsx")

. if "`id'" == "XT025" local destination xlsx("`out'/`id'.xlsx") excel("`out'/UNSELECTED.bad")

. if "`id'" == "XT026" local destination xlsx("") excel("`out'/`id'.xlsx")

. log using "`out'/`id'_console.txt", text replace nomsg name(xt)
(file /home/tpcopeland/R-Dev/_notes/tabtools-parity-2026-10-06/wp-6a/native-xt-v2/XT011_console.txt not found)

. capture noisily crosstab row column [fw=frequency], `opts' `destination' sheet(`id') ///
>     csv("`out'/`id'.csv") markdown("`out'/`id'.md")
  +-------------------------------------------------------------------------------------------------------------------------+
  |                                                 row   10000000000000000   10000000000000002   10000000000000004   Total |
  |                                                   1          10 (25.0%)          20 (50.0%)          30 (75.0%)      60 |
  |                                                   2          30 (75.0%)          20 (50.0%)          10 (25.0%)      60 |
  |                                               Total                  40                  40                  40     120 |
  | Pearson's chi-squared test: chi2 = 20.00, p < 0.001                                                                     |
  |             P for trend (Cochran-Armitage) = <0.001                                                                     |
  +-------------------------------------------------------------------------------------------------------------------------+

CSV exported to /home/tpcopeland/R-Dev/_notes/tabtools-parity-2026-10-06/wp-6a/native-xt-v2/XT011.csv
Markdown exported to /home/tpcopeland/R-Dev/_notes/tabtools-parity-2026-10-06/wp-6a/native-xt-v2/XT011.md
Exported to /home/tpcopeland/R-Dev/_notes/tabtools-parity-2026-10-06/wp-6a/native-xt-v2/XT011.xlsx, sheet XT011

. local rc = _rc

. local nr .

. local nc .

. if !`rc' {
.     mata: golden_dump_r("`out'/`id'_stored.csv", "`id'")
.     tempname xttable
.     matrix `xttable' = r(table)
.     local nr = rowsof(`xttable')
.     local nc = colsof(`xttable')
. }

. log close xt

. tempname status

. file open `status' using "`out'/`id'_status.csv", write text replace
(file /home/tpcopeland/R-Dev/_notes/tabtools-parity-2026-10-06/wp-6a/native-xt-v2/XT011_status.csv not found)

. file write `status' "id,rc,nrow,ncol,pin" _n

. file write `status' "`id',`rc',`nr',`nc',712044f83ce6dd7bb4ca4237f3f6ffbc8aea5129" _n

. file close `status'

. if !`rc' & (`assoc_or' | `assoc_cs') {
.     egen byte xtrow = group(row)
.     egen byte xtcol = group(column)
.     replace xtrow = xtrow-1
.     replace xtcol = xtcol-1
.     tempname ci
.     file open `ci' using "`out'/`id'_association.csv", write text replace
.     file write `ci' "name,value" _n
.     if `assoc_or' {
.         quietly cc xtrow xtcol [fw=frequency], level(`level')
.         file write `ci' "or," %24.17g (r(or)) _n
.         file write `ci' "or_lo," %24.17g (r(lb_or)) _n
.         file write `ci' "or_hi," %24.17g (r(ub_or)) _n
.     }
.     if `assoc_cs' {
.         quietly cs xtrow xtcol [fw=frequency], level(`level')
.         file write `ci' "rr," %24.17g (r(rr)) _n
.         file write `ci' "rr_lo," %24.17g (r(lb_rr)) _n
.         file write `ci' "rr_hi," %24.17g (r(ub_rr)) _n
.         file write `ci' "rd," %24.17g (r(rd)) _n
.         file write `ci' "rd_lo," %24.17g (r(lb_rd)) _n
.         file write `ci' "rd_hi," %24.17g (r(ub_rd)) _n
.     }
.     file close `ci'
. }

. 
end of do-file

. /* Source authoring only. Root executes one case in an owned authenticated
>    Stata17 stage with golden_helpers.do loaded. Pin 712044f8 / tabtools2.5.1.
>    args: XT001..XT028, owned output directory. No adopath fallback/golden edits.
>    Inputs are literal and OUTSIDE loops. XT018 deliberately retains zero-only
>    categories to record the actual native boundary rather than rewrite it.
>    Root aggregates per-case status CSVs in ID order to crosstab-status.csv. */
. version 17.0

. args id out

. if !regexm("`id'", "^XT0(0[1-9]|1[0-9]|2[0-8])$") exit 198

. if `"`out'"' == "" exit 198

. set more off

. set varabbrev off

. set linesize 255

. clear

. local opts ""

. local level 95

. local assoc_or 0

. local assoc_cs 0

. 
. if inlist("`id'", "XT001", "XT002", "XT003", "XT008", "XT017", "XT018", "XT019", "XT025", "XT026") {
.     input double(row column frequency)
.     1 1 40
.     2 1 10
.     1 2 20
.     2 2 30
.     end
. }

. if "`id'" == "XT001" {
.     local opts "or rr rd"
.     local assoc_or 1
.     local assoc_cs 1
. }

. if "`id'" == "XT002" {
.     replace column = 3-column
.     local opts "rowpct or rr rd"
.     local assoc_or 1
.     local assoc_cs 1
. }

. if "`id'" == "XT003" {
.     replace row = (row-1)/10
.     replace column = (column-1)/10
.     * Stata value labels require integer codes; fractional numeric codes remain numeric.
.     local opts "label totalpct or"
.     local assoc_or 1
. }

. if "`id'" == "XT004" {
.     input double(row column frequency)
.     1 1 1
.     2 1 3
.     1 2 3
.     2 2 1
.     end
.     local opts "or"
.     local assoc_or 1
. }

. if "`id'" == "XT005" {
.     input double(row column frequency)
.     1 1 1
.     2 1 2
.     1 2 1
.     2 2 2
.     1 3 1
.     2 3 2
.     end
. }

. if inlist("`id'", "XT006", "XT027") {
.     input double(row column frequency)
.     1 1 5
.     2 1 5
.     1 2 5
.     2 2 5
.     end
. }

. if "`id'" == "XT007" {
.     input double(row column frequency)
.     1 1 1250
.     2 1 386
.     1 2 4
.     2 2 4
.     end
.     local opts "or level(90)"
.     local level 90
.     local assoc_or 1
. }

. if "`id'" == "XT008" {
.     local opts "rr rd level(90)"
.     local level 90
.     local assoc_cs 1
. }

. if inlist("`id'", "XT009", "XT015", "XT024") {
.     input double(row column frequency)
.     1 1 1
.     2 1 0
.     1 2 0
.     2 2 1
.     end
. }

. if "`id'" == "XT009" {
.     replace frequency = 2*frequency
.     local opts "or"
. }

. if inlist("`id'", "XT010", "XT011", "XT012") {
.     input double(row column frequency)

            row      column   frequency
  1.     1 0 10
  2.     2 0 30
  3.     1 1 20
  4.     2 1 20
  5.     1 2 30
  6.     2 2 10
  7.     end
.     if "`id'" == "XT011" replace column = 1e16+2*column
.     if "`id'" == "XT012" replace column = 5 if column==2
(2 real changes made)
.     local opts "cochran"
. }

. if "`id'" == "XT013" {
.     input double(row column frequency)
.     1 -1 497
.     2 -1 19
.     1 0 560
.     2 0 29
.     1 1 269
.     2 1 24
.     end
.     local opts "cochran"
. }

. if "`id'" == "XT014" {
.     input double(row column frequency)
.     1 1 5
.     2 1 3
.     1 2 2
.     2 2 7
.     1 3 4
.     2 3 6
.     end
.     local opts "trend"
. }

. if "`id'" == "XT015" local opts "trend"

. if "`id'" == "XT016" {
.     input double(row column frequency)
.     1 1 0
.     2 1 1
.     1 2 1
.     2 2 0
.     end
.     local opts "trend"
. }

. if "`id'" == "XT017" {
.     set obs 6
.     replace row = . in 5
.     replace column = 1 in 5
.     replace frequency = 7 in 5
.     replace row = .a in 6
.     replace column = 1 in 6
.     replace frequency = 3 in 6
.     local opts "missing"
. }

. if "`id'" == "XT018" {
.     set obs 5
.     replace row = 999 in 5
.     replace column = 999 in 5
.     replace frequency = 0 in 5
. }

. if "`id'" == "XT019" local opts "trend missing"

. if inlist("`id'", "XT020", "XT021", "XT022") {
.     input double(row column frequency)
.     1 1 1
.     2 1 9
.     1 2 9
.     2 2 1
.     end
.     if "`id'" == "XT020" local opts "smallcells(3) or rr rd cochran"
.     if "`id'" == "XT021" {
.         local opts "smallcells(3, primary) or rr rd cochran"
.         local assoc_or 1
.         local assoc_cs 1
.     }
.     if "`id'" == "XT022" local opts "smallcells(3) rowpct"
. }

. if "`id'" == "XT023" {
.     input double(row column frequency)
.     1 1 1
.     2 1 1
.     1 2 0
.     2 2 10
.     end
.     local opts "smallcells(3, primary) rowpct"
. }

. if "`id'" == "XT024" local opts "smallcells(3, primary) totalpct"

. if "`id'" == "XT027" local opts "exact digits(2) headershade zebra"

. if "`id'" == "XT028" {
.     input double(row column frequency)
.     1 1 10
.     2 1 10
.     3 1 10
.     1 2 10
.     2 2 10
.     3 2 10
.     end
.     local opts "cochran"
. }

. local destination xlsx("`out'/`id'.xlsx")

. if "`id'" == "XT025" local destination xlsx("`out'/`id'.xlsx") excel("`out'/UNSELECTED.bad")

. if "`id'" == "XT026" local destination xlsx("") excel("`out'/`id'.xlsx")

. log using "`out'/`id'_console.txt", text replace nomsg name(xt)
(file /home/tpcopeland/R-Dev/_notes/tabtools-parity-2026-10-06/wp-6a/native-xt-v2/XT012_console.txt not found)

. capture noisily crosstab row column [fw=frequency], `opts' `destination' sheet(`id') ///
>     csv("`out'/`id'.csv") markdown("`out'/`id'.md")
  +----------------------------------------------------------------------------------------------------+
  |                                                 row            0            1            5   Total |
  |                                                   1   10 (25.0%)   20 (50.0%)   30 (75.0%)      60 |
  |                                                   2   30 (75.0%)   20 (50.0%)   10 (25.0%)      60 |
  |                                               Total           40           40           40     120 |
  | Pearson's chi-squared test: chi2 = 20.00, p < 0.001                                                |
  |             P for trend (Cochran-Armitage) = <0.001                                                |
  +----------------------------------------------------------------------------------------------------+

CSV exported to /home/tpcopeland/R-Dev/_notes/tabtools-parity-2026-10-06/wp-6a/native-xt-v2/XT012.csv
Markdown exported to /home/tpcopeland/R-Dev/_notes/tabtools-parity-2026-10-06/wp-6a/native-xt-v2/XT012.md
Exported to /home/tpcopeland/R-Dev/_notes/tabtools-parity-2026-10-06/wp-6a/native-xt-v2/XT012.xlsx, sheet XT012

. local rc = _rc

. local nr .

. local nc .

. if !`rc' {
.     mata: golden_dump_r("`out'/`id'_stored.csv", "`id'")
.     tempname xttable
.     matrix `xttable' = r(table)
.     local nr = rowsof(`xttable')
.     local nc = colsof(`xttable')
. }

. log close xt

. tempname status

. file open `status' using "`out'/`id'_status.csv", write text replace
(file /home/tpcopeland/R-Dev/_notes/tabtools-parity-2026-10-06/wp-6a/native-xt-v2/XT012_status.csv not found)

. file write `status' "id,rc,nrow,ncol,pin" _n

. file write `status' "`id',`rc',`nr',`nc',712044f83ce6dd7bb4ca4237f3f6ffbc8aea5129" _n

. file close `status'

. if !`rc' & (`assoc_or' | `assoc_cs') {
.     egen byte xtrow = group(row)
.     egen byte xtcol = group(column)
.     replace xtrow = xtrow-1
.     replace xtcol = xtcol-1
.     tempname ci
.     file open `ci' using "`out'/`id'_association.csv", write text replace
.     file write `ci' "name,value" _n
.     if `assoc_or' {
.         quietly cc xtrow xtcol [fw=frequency], level(`level')
.         file write `ci' "or," %24.17g (r(or)) _n
.         file write `ci' "or_lo," %24.17g (r(lb_or)) _n
.         file write `ci' "or_hi," %24.17g (r(ub_or)) _n
.     }
.     if `assoc_cs' {
.         quietly cs xtrow xtcol [fw=frequency], level(`level')
.         file write `ci' "rr," %24.17g (r(rr)) _n
.         file write `ci' "rr_lo," %24.17g (r(lb_rr)) _n
.         file write `ci' "rr_hi," %24.17g (r(ub_rr)) _n
.         file write `ci' "rd," %24.17g (r(rd)) _n
.         file write `ci' "rd_lo," %24.17g (r(lb_rd)) _n
.         file write `ci' "rd_hi," %24.17g (r(ub_rd)) _n
.     }
.     file close `ci'
. }

. 
end of do-file

. /* Source authoring only. Root executes one case in an owned authenticated
>    Stata17 stage with golden_helpers.do loaded. Pin 712044f8 / tabtools2.5.1.
>    args: XT001..XT028, owned output directory. No adopath fallback/golden edits.
>    Inputs are literal and OUTSIDE loops. XT018 deliberately retains zero-only
>    categories to record the actual native boundary rather than rewrite it.
>    Root aggregates per-case status CSVs in ID order to crosstab-status.csv. */
. version 17.0

. args id out

. if !regexm("`id'", "^XT0(0[1-9]|1[0-9]|2[0-8])$") exit 198

. if `"`out'"' == "" exit 198

. set more off

. set varabbrev off

. set linesize 255

. clear

. local opts ""

. local level 95

. local assoc_or 0

. local assoc_cs 0

. 
. if inlist("`id'", "XT001", "XT002", "XT003", "XT008", "XT017", "XT018", "XT019", "XT025", "XT026") {
.     input double(row column frequency)
.     1 1 40
.     2 1 10
.     1 2 20
.     2 2 30
.     end
. }

. if "`id'" == "XT001" {
.     local opts "or rr rd"
.     local assoc_or 1
.     local assoc_cs 1
. }

. if "`id'" == "XT002" {
.     replace column = 3-column
.     local opts "rowpct or rr rd"
.     local assoc_or 1
.     local assoc_cs 1
. }

. if "`id'" == "XT003" {
.     replace row = (row-1)/10
.     replace column = (column-1)/10
.     * Stata value labels require integer codes; fractional numeric codes remain numeric.
.     local opts "label totalpct or"
.     local assoc_or 1
. }

. if "`id'" == "XT004" {
.     input double(row column frequency)
.     1 1 1
.     2 1 3
.     1 2 3
.     2 2 1
.     end
.     local opts "or"
.     local assoc_or 1
. }

. if "`id'" == "XT005" {
.     input double(row column frequency)
.     1 1 1
.     2 1 2
.     1 2 1
.     2 2 2
.     1 3 1
.     2 3 2
.     end
. }

. if inlist("`id'", "XT006", "XT027") {
.     input double(row column frequency)
.     1 1 5
.     2 1 5
.     1 2 5
.     2 2 5
.     end
. }

. if "`id'" == "XT007" {
.     input double(row column frequency)
.     1 1 1250
.     2 1 386
.     1 2 4
.     2 2 4
.     end
.     local opts "or level(90)"
.     local level 90
.     local assoc_or 1
. }

. if "`id'" == "XT008" {
.     local opts "rr rd level(90)"
.     local level 90
.     local assoc_cs 1
. }

. if inlist("`id'", "XT009", "XT015", "XT024") {
.     input double(row column frequency)
.     1 1 1
.     2 1 0
.     1 2 0
.     2 2 1
.     end
. }

. if "`id'" == "XT009" {
.     replace frequency = 2*frequency
.     local opts "or"
. }

. if inlist("`id'", "XT010", "XT011", "XT012") {
.     input double(row column frequency)
.     1 0 10
.     2 0 30
.     1 1 20
.     2 1 20
.     1 2 30
.     2 2 10
.     end
.     if "`id'" == "XT011" replace column = 1e16+2*column
.     if "`id'" == "XT012" replace column = 5 if column==2
.     local opts "cochran"
. }

. if "`id'" == "XT013" {
.     input double(row column frequency)

            row      column   frequency
  1.     1 -1 497
  2.     2 -1 19
  3.     1 0 560
  4.     2 0 29
  5.     1 1 269
  6.     2 1 24
  7.     end
.     local opts "cochran"
. }

. if "`id'" == "XT014" {
.     input double(row column frequency)
.     1 1 5
.     2 1 3
.     1 2 2
.     2 2 7
.     1 3 4
.     2 3 6
.     end
.     local opts "trend"
. }

. if "`id'" == "XT015" local opts "trend"

. if "`id'" == "XT016" {
.     input double(row column frequency)
.     1 1 0
.     2 1 1
.     1 2 1
.     2 2 0
.     end
.     local opts "trend"
. }

. if "`id'" == "XT017" {
.     set obs 6
.     replace row = . in 5
.     replace column = 1 in 5
.     replace frequency = 7 in 5
.     replace row = .a in 6
.     replace column = 1 in 6
.     replace frequency = 3 in 6
.     local opts "missing"
. }

. if "`id'" == "XT018" {
.     set obs 5
.     replace row = 999 in 5
.     replace column = 999 in 5
.     replace frequency = 0 in 5
. }

. if "`id'" == "XT019" local opts "trend missing"

. if inlist("`id'", "XT020", "XT021", "XT022") {
.     input double(row column frequency)
.     1 1 1
.     2 1 9
.     1 2 9
.     2 2 1
.     end
.     if "`id'" == "XT020" local opts "smallcells(3) or rr rd cochran"
.     if "`id'" == "XT021" {
.         local opts "smallcells(3, primary) or rr rd cochran"
.         local assoc_or 1
.         local assoc_cs 1
.     }
.     if "`id'" == "XT022" local opts "smallcells(3) rowpct"
. }

. if "`id'" == "XT023" {
.     input double(row column frequency)
.     1 1 1
.     2 1 1
.     1 2 0
.     2 2 10
.     end
.     local opts "smallcells(3, primary) rowpct"
. }

. if "`id'" == "XT024" local opts "smallcells(3, primary) totalpct"

. if "`id'" == "XT027" local opts "exact digits(2) headershade zebra"

. if "`id'" == "XT028" {
.     input double(row column frequency)
.     1 1 10
.     2 1 10
.     3 1 10
.     1 2 10
.     2 2 10
.     3 2 10
.     end
.     local opts "cochran"
. }

. local destination xlsx("`out'/`id'.xlsx")

. if "`id'" == "XT025" local destination xlsx("`out'/`id'.xlsx") excel("`out'/UNSELECTED.bad")

. if "`id'" == "XT026" local destination xlsx("") excel("`out'/`id'.xlsx")

. log using "`out'/`id'_console.txt", text replace nomsg name(xt)
(file /home/tpcopeland/R-Dev/_notes/tabtools-parity-2026-10-06/wp-6a/native-xt-v2/XT013_console.txt not found)

. capture noisily crosstab row column [fw=frequency], `opts' `destination' sheet(`id') ///
>     csv("`out'/`id'.csv") markdown("`out'/`id'.md")
  +------------------------------------------------------------------------------------------------------+
  |                                                row            -1             0             1   Total |
  |                                                  1   497 (96.3%)   560 (95.1%)   269 (91.8%)   1,326 |
  |                                                  2     19 (3.7%)     29 (4.9%)     24 (8.2%)      72 |
  |                                              Total           516           589           293   1,398 |
  | Pearson's chi-squared test: chi2 = 7.88, p = 0.019                                                   |
  |             P for trend (Cochran-Armitage) = 0.007                                                   |
  +------------------------------------------------------------------------------------------------------+

CSV exported to /home/tpcopeland/R-Dev/_notes/tabtools-parity-2026-10-06/wp-6a/native-xt-v2/XT013.csv
Markdown exported to /home/tpcopeland/R-Dev/_notes/tabtools-parity-2026-10-06/wp-6a/native-xt-v2/XT013.md
Exported to /home/tpcopeland/R-Dev/_notes/tabtools-parity-2026-10-06/wp-6a/native-xt-v2/XT013.xlsx, sheet XT013

. local rc = _rc

. local nr .

. local nc .

. if !`rc' {
.     mata: golden_dump_r("`out'/`id'_stored.csv", "`id'")
.     tempname xttable
.     matrix `xttable' = r(table)
.     local nr = rowsof(`xttable')
.     local nc = colsof(`xttable')
. }

. log close xt

. tempname status

. file open `status' using "`out'/`id'_status.csv", write text replace
(file /home/tpcopeland/R-Dev/_notes/tabtools-parity-2026-10-06/wp-6a/native-xt-v2/XT013_status.csv not found)

. file write `status' "id,rc,nrow,ncol,pin" _n

. file write `status' "`id',`rc',`nr',`nc',712044f83ce6dd7bb4ca4237f3f6ffbc8aea5129" _n

. file close `status'

. if !`rc' & (`assoc_or' | `assoc_cs') {
.     egen byte xtrow = group(row)
.     egen byte xtcol = group(column)
.     replace xtrow = xtrow-1
.     replace xtcol = xtcol-1
.     tempname ci
.     file open `ci' using "`out'/`id'_association.csv", write text replace
.     file write `ci' "name,value" _n
.     if `assoc_or' {
.         quietly cc xtrow xtcol [fw=frequency], level(`level')
.         file write `ci' "or," %24.17g (r(or)) _n
.         file write `ci' "or_lo," %24.17g (r(lb_or)) _n
.         file write `ci' "or_hi," %24.17g (r(ub_or)) _n
.     }
.     if `assoc_cs' {
.         quietly cs xtrow xtcol [fw=frequency], level(`level')
.         file write `ci' "rr," %24.17g (r(rr)) _n
.         file write `ci' "rr_lo," %24.17g (r(lb_rr)) _n
.         file write `ci' "rr_hi," %24.17g (r(ub_rr)) _n
.         file write `ci' "rd," %24.17g (r(rd)) _n
.         file write `ci' "rd_lo," %24.17g (r(lb_rd)) _n
.         file write `ci' "rd_hi," %24.17g (r(ub_rd)) _n
.     }
.     file close `ci'
. }

. 
end of do-file

. /* Source authoring only. Root executes one case in an owned authenticated
>    Stata17 stage with golden_helpers.do loaded. Pin 712044f8 / tabtools2.5.1.
>    args: XT001..XT028, owned output directory. No adopath fallback/golden edits.
>    Inputs are literal and OUTSIDE loops. XT018 deliberately retains zero-only
>    categories to record the actual native boundary rather than rewrite it.
>    Root aggregates per-case status CSVs in ID order to crosstab-status.csv. */
. version 17.0

. args id out

. if !regexm("`id'", "^XT0(0[1-9]|1[0-9]|2[0-8])$") exit 198

. if `"`out'"' == "" exit 198

. set more off

. set varabbrev off

. set linesize 255

. clear

. local opts ""

. local level 95

. local assoc_or 0

. local assoc_cs 0

. 
. if inlist("`id'", "XT001", "XT002", "XT003", "XT008", "XT017", "XT018", "XT019", "XT025", "XT026") {
.     input double(row column frequency)
.     1 1 40
.     2 1 10
.     1 2 20
.     2 2 30
.     end
. }

. if "`id'" == "XT001" {
.     local opts "or rr rd"
.     local assoc_or 1
.     local assoc_cs 1
. }

. if "`id'" == "XT002" {
.     replace column = 3-column
.     local opts "rowpct or rr rd"
.     local assoc_or 1
.     local assoc_cs 1
. }

. if "`id'" == "XT003" {
.     replace row = (row-1)/10
.     replace column = (column-1)/10
.     * Stata value labels require integer codes; fractional numeric codes remain numeric.
.     local opts "label totalpct or"
.     local assoc_or 1
. }

. if "`id'" == "XT004" {
.     input double(row column frequency)
.     1 1 1
.     2 1 3
.     1 2 3
.     2 2 1
.     end
.     local opts "or"
.     local assoc_or 1
. }

. if "`id'" == "XT005" {
.     input double(row column frequency)
.     1 1 1
.     2 1 2
.     1 2 1
.     2 2 2
.     1 3 1
.     2 3 2
.     end
. }

. if inlist("`id'", "XT006", "XT027") {
.     input double(row column frequency)
.     1 1 5
.     2 1 5
.     1 2 5
.     2 2 5
.     end
. }

. if "`id'" == "XT007" {
.     input double(row column frequency)
.     1 1 1250
.     2 1 386
.     1 2 4
.     2 2 4
.     end
.     local opts "or level(90)"
.     local level 90
.     local assoc_or 1
. }

. if "`id'" == "XT008" {
.     local opts "rr rd level(90)"
.     local level 90
.     local assoc_cs 1
. }

. if inlist("`id'", "XT009", "XT015", "XT024") {
.     input double(row column frequency)
.     1 1 1
.     2 1 0
.     1 2 0
.     2 2 1
.     end
. }

. if "`id'" == "XT009" {
.     replace frequency = 2*frequency
.     local opts "or"
. }

. if inlist("`id'", "XT010", "XT011", "XT012") {
.     input double(row column frequency)
.     1 0 10
.     2 0 30
.     1 1 20
.     2 1 20
.     1 2 30
.     2 2 10
.     end
.     if "`id'" == "XT011" replace column = 1e16+2*column
.     if "`id'" == "XT012" replace column = 5 if column==2
.     local opts "cochran"
. }

. if "`id'" == "XT013" {
.     input double(row column frequency)
.     1 -1 497
.     2 -1 19
.     1 0 560
.     2 0 29
.     1 1 269
.     2 1 24
.     end
.     local opts "cochran"
. }

. if "`id'" == "XT014" {
.     input double(row column frequency)

            row      column   frequency
  1.     1 1 5
  2.     2 1 3
  3.     1 2 2
  4.     2 2 7
  5.     1 3 4
  6.     2 3 6
  7.     end
.     local opts "trend"
. }

. if "`id'" == "XT015" local opts "trend"

. if "`id'" == "XT016" {
.     input double(row column frequency)
.     1 1 0
.     2 1 1
.     1 2 1
.     2 2 0
.     end
.     local opts "trend"
. }

. if "`id'" == "XT017" {
.     set obs 6
.     replace row = . in 5
.     replace column = 1 in 5
.     replace frequency = 7 in 5
.     replace row = .a in 6
.     replace column = 1 in 6
.     replace frequency = 3 in 6
.     local opts "missing"
. }

. if "`id'" == "XT018" {
.     set obs 5
.     replace row = 999 in 5
.     replace column = 999 in 5
.     replace frequency = 0 in 5
. }

. if "`id'" == "XT019" local opts "trend missing"

. if inlist("`id'", "XT020", "XT021", "XT022") {
.     input double(row column frequency)
.     1 1 1
.     2 1 9
.     1 2 9
.     2 2 1
.     end
.     if "`id'" == "XT020" local opts "smallcells(3) or rr rd cochran"
.     if "`id'" == "XT021" {
.         local opts "smallcells(3, primary) or rr rd cochran"
.         local assoc_or 1
.         local assoc_cs 1
.     }
.     if "`id'" == "XT022" local opts "smallcells(3) rowpct"
. }

. if "`id'" == "XT023" {
.     input double(row column frequency)
.     1 1 1
.     2 1 1
.     1 2 0
.     2 2 10
.     end
.     local opts "smallcells(3, primary) rowpct"
. }

. if "`id'" == "XT024" local opts "smallcells(3, primary) totalpct"

. if "`id'" == "XT027" local opts "exact digits(2) headershade zebra"

. if "`id'" == "XT028" {
.     input double(row column frequency)
.     1 1 10
.     2 1 10
.     3 1 10
.     1 2 10
.     2 2 10
.     3 2 10
.     end
.     local opts "cochran"
. }

. local destination xlsx("`out'/`id'.xlsx")

. if "`id'" == "XT025" local destination xlsx("`out'/`id'.xlsx") excel("`out'/UNSELECTED.bad")

. if "`id'" == "XT026" local destination xlsx("") excel("`out'/`id'.xlsx")

. log using "`out'/`id'_console.txt", text replace nomsg name(xt)
(file /home/tpcopeland/R-Dev/_notes/tabtools-parity-2026-10-06/wp-6a/native-xt-v2/XT014_console.txt not found)

. capture noisily crosstab row column [fw=frequency], `opts' `destination' sheet(`id') ///
>     csv("`out'/`id'.csv") markdown("`out'/`id'.md")
  +----------------------------------------------------------------------------+
  |                            row           1           2           3   Total |
  |                              1   5 (62.5%)   2 (22.2%)   4 (40.0%)      11 |
  |                              2   3 (37.5%)   7 (77.8%)   6 (60.0%)      16 |
  |                          Total           8           9          10      27 |
  | Fisher's exact test: p = 0.300                                             |
  |            P for trend = 0.428                                             |
  +----------------------------------------------------------------------------+

CSV exported to /home/tpcopeland/R-Dev/_notes/tabtools-parity-2026-10-06/wp-6a/native-xt-v2/XT014.csv
Markdown exported to /home/tpcopeland/R-Dev/_notes/tabtools-parity-2026-10-06/wp-6a/native-xt-v2/XT014.md
Exported to /home/tpcopeland/R-Dev/_notes/tabtools-parity-2026-10-06/wp-6a/native-xt-v2/XT014.xlsx, sheet XT014

. local rc = _rc

. local nr .

. local nc .

. if !`rc' {
.     mata: golden_dump_r("`out'/`id'_stored.csv", "`id'")
.     tempname xttable
.     matrix `xttable' = r(table)
.     local nr = rowsof(`xttable')
.     local nc = colsof(`xttable')
. }

. log close xt

. tempname status

. file open `status' using "`out'/`id'_status.csv", write text replace
(file /home/tpcopeland/R-Dev/_notes/tabtools-parity-2026-10-06/wp-6a/native-xt-v2/XT014_status.csv not found)

. file write `status' "id,rc,nrow,ncol,pin" _n

. file write `status' "`id',`rc',`nr',`nc',712044f83ce6dd7bb4ca4237f3f6ffbc8aea5129" _n

. file close `status'

. if !`rc' & (`assoc_or' | `assoc_cs') {
.     egen byte xtrow = group(row)
.     egen byte xtcol = group(column)
.     replace xtrow = xtrow-1
.     replace xtcol = xtcol-1
.     tempname ci
.     file open `ci' using "`out'/`id'_association.csv", write text replace
.     file write `ci' "name,value" _n
.     if `assoc_or' {
.         quietly cc xtrow xtcol [fw=frequency], level(`level')
.         file write `ci' "or," %24.17g (r(or)) _n
.         file write `ci' "or_lo," %24.17g (r(lb_or)) _n
.         file write `ci' "or_hi," %24.17g (r(ub_or)) _n
.     }
.     if `assoc_cs' {
.         quietly cs xtrow xtcol [fw=frequency], level(`level')
.         file write `ci' "rr," %24.17g (r(rr)) _n
.         file write `ci' "rr_lo," %24.17g (r(lb_rr)) _n
.         file write `ci' "rr_hi," %24.17g (r(ub_rr)) _n
.         file write `ci' "rd," %24.17g (r(rd)) _n
.         file write `ci' "rd_lo," %24.17g (r(lb_rd)) _n
.         file write `ci' "rd_hi," %24.17g (r(ub_rd)) _n
.     }
.     file close `ci'
. }

. 
end of do-file

. /* Source authoring only. Root executes one case in an owned authenticated
>    Stata17 stage with golden_helpers.do loaded. Pin 712044f8 / tabtools2.5.1.
>    args: XT001..XT028, owned output directory. No adopath fallback/golden edits.
>    Inputs are literal and OUTSIDE loops. XT018 deliberately retains zero-only
>    categories to record the actual native boundary rather than rewrite it.
>    Root aggregates per-case status CSVs in ID order to crosstab-status.csv. */
. version 17.0

. args id out

. if !regexm("`id'", "^XT0(0[1-9]|1[0-9]|2[0-8])$") exit 198

. if `"`out'"' == "" exit 198

. set more off

. set varabbrev off

. set linesize 255

. clear

. local opts ""

. local level 95

. local assoc_or 0

. local assoc_cs 0

. 
. if inlist("`id'", "XT001", "XT002", "XT003", "XT008", "XT017", "XT018", "XT019", "XT025", "XT026") {
.     input double(row column frequency)
.     1 1 40
.     2 1 10
.     1 2 20
.     2 2 30
.     end
. }

. if "`id'" == "XT001" {
.     local opts "or rr rd"
.     local assoc_or 1
.     local assoc_cs 1
. }

. if "`id'" == "XT002" {
.     replace column = 3-column
.     local opts "rowpct or rr rd"
.     local assoc_or 1
.     local assoc_cs 1
. }

. if "`id'" == "XT003" {
.     replace row = (row-1)/10
.     replace column = (column-1)/10
.     * Stata value labels require integer codes; fractional numeric codes remain numeric.
.     local opts "label totalpct or"
.     local assoc_or 1
. }

. if "`id'" == "XT004" {
.     input double(row column frequency)
.     1 1 1
.     2 1 3
.     1 2 3
.     2 2 1
.     end
.     local opts "or"
.     local assoc_or 1
. }

. if "`id'" == "XT005" {
.     input double(row column frequency)
.     1 1 1
.     2 1 2
.     1 2 1
.     2 2 2
.     1 3 1
.     2 3 2
.     end
. }

. if inlist("`id'", "XT006", "XT027") {
.     input double(row column frequency)
.     1 1 5
.     2 1 5
.     1 2 5
.     2 2 5
.     end
. }

. if "`id'" == "XT007" {
.     input double(row column frequency)
.     1 1 1250
.     2 1 386
.     1 2 4
.     2 2 4
.     end
.     local opts "or level(90)"
.     local level 90
.     local assoc_or 1
. }

. if "`id'" == "XT008" {
.     local opts "rr rd level(90)"
.     local level 90
.     local assoc_cs 1
. }

. if inlist("`id'", "XT009", "XT015", "XT024") {
.     input double(row column frequency)

            row      column   frequency
  1.     1 1 1
  2.     2 1 0
  3.     1 2 0
  4.     2 2 1
  5.     end
. }

. if "`id'" == "XT009" {
.     replace frequency = 2*frequency
.     local opts "or"
. }

. if inlist("`id'", "XT010", "XT011", "XT012") {
.     input double(row column frequency)
.     1 0 10
.     2 0 30
.     1 1 20
.     2 1 20
.     1 2 30
.     2 2 10
.     end
.     if "`id'" == "XT011" replace column = 1e16+2*column
.     if "`id'" == "XT012" replace column = 5 if column==2
.     local opts "cochran"
. }

. if "`id'" == "XT013" {
.     input double(row column frequency)
.     1 -1 497
.     2 -1 19
.     1 0 560
.     2 0 29
.     1 1 269
.     2 1 24
.     end
.     local opts "cochran"
. }

. if "`id'" == "XT014" {
.     input double(row column frequency)
.     1 1 5
.     2 1 3
.     1 2 2
.     2 2 7
.     1 3 4
.     2 3 6
.     end
.     local opts "trend"
. }

. if "`id'" == "XT015" local opts "trend"

. if "`id'" == "XT016" {
.     input double(row column frequency)
.     1 1 0
.     2 1 1
.     1 2 1
.     2 2 0
.     end
.     local opts "trend"
. }

. if "`id'" == "XT017" {
.     set obs 6
.     replace row = . in 5
.     replace column = 1 in 5
.     replace frequency = 7 in 5
.     replace row = .a in 6
.     replace column = 1 in 6
.     replace frequency = 3 in 6
.     local opts "missing"
. }

. if "`id'" == "XT018" {
.     set obs 5
.     replace row = 999 in 5
.     replace column = 999 in 5
.     replace frequency = 0 in 5
. }

. if "`id'" == "XT019" local opts "trend missing"

. if inlist("`id'", "XT020", "XT021", "XT022") {
.     input double(row column frequency)
.     1 1 1
.     2 1 9
.     1 2 9
.     2 2 1
.     end
.     if "`id'" == "XT020" local opts "smallcells(3) or rr rd cochran"
.     if "`id'" == "XT021" {
.         local opts "smallcells(3, primary) or rr rd cochran"
.         local assoc_or 1
.         local assoc_cs 1
.     }
.     if "`id'" == "XT022" local opts "smallcells(3) rowpct"
. }

. if "`id'" == "XT023" {
.     input double(row column frequency)
.     1 1 1
.     2 1 1
.     1 2 0
.     2 2 10
.     end
.     local opts "smallcells(3, primary) rowpct"
. }

. if "`id'" == "XT024" local opts "smallcells(3, primary) totalpct"

. if "`id'" == "XT027" local opts "exact digits(2) headershade zebra"

. if "`id'" == "XT028" {
.     input double(row column frequency)
.     1 1 10
.     2 1 10
.     3 1 10
.     1 2 10
.     2 2 10
.     3 2 10
.     end
.     local opts "cochran"
. }

. local destination xlsx("`out'/`id'.xlsx")

. if "`id'" == "XT025" local destination xlsx("`out'/`id'.xlsx") excel("`out'/UNSELECTED.bad")

. if "`id'" == "XT026" local destination xlsx("") excel("`out'/`id'.xlsx")

. log using "`out'/`id'_console.txt", text replace nomsg name(xt)
(file /home/tpcopeland/R-Dev/_notes/tabtools-parity-2026-10-06/wp-6a/native-xt-v2/XT015_console.txt not found)

. capture noisily crosstab row column [fw=frequency], `opts' `destination' sheet(`id') ///
>     csv("`out'/`id'.csv") markdown("`out'/`id'.md")
Spearman trend test could not be computed; check outcome/exposure variation and weights

. local rc = _rc

. local nr .

. local nc .

. if !`rc' {
.     mata: golden_dump_r("`out'/`id'_stored.csv", "`id'")
.     tempname xttable
.     matrix `xttable' = r(table)
.     local nr = rowsof(`xttable')
.     local nc = colsof(`xttable')
. }

. log close xt

. tempname status

. file open `status' using "`out'/`id'_status.csv", write text replace
(file /home/tpcopeland/R-Dev/_notes/tabtools-parity-2026-10-06/wp-6a/native-xt-v2/XT015_status.csv not found)

. file write `status' "id,rc,nrow,ncol,pin" _n

. file write `status' "`id',`rc',`nr',`nc',712044f83ce6dd7bb4ca4237f3f6ffbc8aea5129" _n

. file close `status'

. if !`rc' & (`assoc_or' | `assoc_cs') {
.     egen byte xtrow = group(row)
.     egen byte xtcol = group(column)
.     replace xtrow = xtrow-1
.     replace xtcol = xtcol-1
.     tempname ci
.     file open `ci' using "`out'/`id'_association.csv", write text replace
.     file write `ci' "name,value" _n
.     if `assoc_or' {
.         quietly cc xtrow xtcol [fw=frequency], level(`level')
.         file write `ci' "or," %24.17g (r(or)) _n
.         file write `ci' "or_lo," %24.17g (r(lb_or)) _n
.         file write `ci' "or_hi," %24.17g (r(ub_or)) _n
.     }
.     if `assoc_cs' {
.         quietly cs xtrow xtcol [fw=frequency], level(`level')
.         file write `ci' "rr," %24.17g (r(rr)) _n
.         file write `ci' "rr_lo," %24.17g (r(lb_rr)) _n
.         file write `ci' "rr_hi," %24.17g (r(ub_rr)) _n
.         file write `ci' "rd," %24.17g (r(rd)) _n
.         file write `ci' "rd_lo," %24.17g (r(lb_rd)) _n
.         file write `ci' "rd_hi," %24.17g (r(ub_rd)) _n
.     }
.     file close `ci'
. }

. 
end of do-file

. /* Source authoring only. Root executes one case in an owned authenticated
>    Stata17 stage with golden_helpers.do loaded. Pin 712044f8 / tabtools2.5.1.
>    args: XT001..XT028, owned output directory. No adopath fallback/golden edits.
>    Inputs are literal and OUTSIDE loops. XT018 deliberately retains zero-only
>    categories to record the actual native boundary rather than rewrite it.
>    Root aggregates per-case status CSVs in ID order to crosstab-status.csv. */
. version 17.0

. args id out

. if !regexm("`id'", "^XT0(0[1-9]|1[0-9]|2[0-8])$") exit 198

. if `"`out'"' == "" exit 198

. set more off

. set varabbrev off

. set linesize 255

. clear

. local opts ""

. local level 95

. local assoc_or 0

. local assoc_cs 0

. 
. if inlist("`id'", "XT001", "XT002", "XT003", "XT008", "XT017", "XT018", "XT019", "XT025", "XT026") {
.     input double(row column frequency)
.     1 1 40
.     2 1 10
.     1 2 20
.     2 2 30
.     end
. }

. if "`id'" == "XT001" {
.     local opts "or rr rd"
.     local assoc_or 1
.     local assoc_cs 1
. }

. if "`id'" == "XT002" {
.     replace column = 3-column
.     local opts "rowpct or rr rd"
.     local assoc_or 1
.     local assoc_cs 1
. }

. if "`id'" == "XT003" {
.     replace row = (row-1)/10
.     replace column = (column-1)/10
.     * Stata value labels require integer codes; fractional numeric codes remain numeric.
.     local opts "label totalpct or"
.     local assoc_or 1
. }

. if "`id'" == "XT004" {
.     input double(row column frequency)
.     1 1 1
.     2 1 3
.     1 2 3
.     2 2 1
.     end
.     local opts "or"
.     local assoc_or 1
. }

. if "`id'" == "XT005" {
.     input double(row column frequency)
.     1 1 1
.     2 1 2
.     1 2 1
.     2 2 2
.     1 3 1
.     2 3 2
.     end
. }

. if inlist("`id'", "XT006", "XT027") {
.     input double(row column frequency)
.     1 1 5
.     2 1 5
.     1 2 5
.     2 2 5
.     end
. }

. if "`id'" == "XT007" {
.     input double(row column frequency)
.     1 1 1250
.     2 1 386
.     1 2 4
.     2 2 4
.     end
.     local opts "or level(90)"
.     local level 90
.     local assoc_or 1
. }

. if "`id'" == "XT008" {
.     local opts "rr rd level(90)"
.     local level 90
.     local assoc_cs 1
. }

. if inlist("`id'", "XT009", "XT015", "XT024") {
.     input double(row column frequency)
.     1 1 1
.     2 1 0
.     1 2 0
.     2 2 1
.     end
. }

. if "`id'" == "XT009" {
.     replace frequency = 2*frequency
.     local opts "or"
. }

. if inlist("`id'", "XT010", "XT011", "XT012") {
.     input double(row column frequency)
.     1 0 10
.     2 0 30
.     1 1 20
.     2 1 20
.     1 2 30
.     2 2 10
.     end
.     if "`id'" == "XT011" replace column = 1e16+2*column
.     if "`id'" == "XT012" replace column = 5 if column==2
.     local opts "cochran"
. }

. if "`id'" == "XT013" {
.     input double(row column frequency)
.     1 -1 497
.     2 -1 19
.     1 0 560
.     2 0 29
.     1 1 269
.     2 1 24
.     end
.     local opts "cochran"
. }

. if "`id'" == "XT014" {
.     input double(row column frequency)
.     1 1 5
.     2 1 3
.     1 2 2
.     2 2 7
.     1 3 4
.     2 3 6
.     end
.     local opts "trend"
. }

. if "`id'" == "XT015" local opts "trend"

. if "`id'" == "XT016" {
.     input double(row column frequency)

            row      column   frequency
  1.     1 1 0
  2.     2 1 1
  3.     1 2 1
  4.     2 2 0
  5.     end
.     local opts "trend"
. }

. if "`id'" == "XT017" {
.     set obs 6
.     replace row = . in 5
.     replace column = 1 in 5
.     replace frequency = 7 in 5
.     replace row = .a in 6
.     replace column = 1 in 6
.     replace frequency = 3 in 6
.     local opts "missing"
. }

. if "`id'" == "XT018" {
.     set obs 5
.     replace row = 999 in 5
.     replace column = 999 in 5
.     replace frequency = 0 in 5
. }

. if "`id'" == "XT019" local opts "trend missing"

. if inlist("`id'", "XT020", "XT021", "XT022") {
.     input double(row column frequency)
.     1 1 1
.     2 1 9
.     1 2 9
.     2 2 1
.     end
.     if "`id'" == "XT020" local opts "smallcells(3) or rr rd cochran"
.     if "`id'" == "XT021" {
.         local opts "smallcells(3, primary) or rr rd cochran"
.         local assoc_or 1
.         local assoc_cs 1
.     }
.     if "`id'" == "XT022" local opts "smallcells(3) rowpct"
. }

. if "`id'" == "XT023" {
.     input double(row column frequency)
.     1 1 1
.     2 1 1
.     1 2 0
.     2 2 10
.     end
.     local opts "smallcells(3, primary) rowpct"
. }

. if "`id'" == "XT024" local opts "smallcells(3, primary) totalpct"

. if "`id'" == "XT027" local opts "exact digits(2) headershade zebra"

. if "`id'" == "XT028" {
.     input double(row column frequency)
.     1 1 10
.     2 1 10
.     3 1 10
.     1 2 10
.     2 2 10
.     3 2 10
.     end
.     local opts "cochran"
. }

. local destination xlsx("`out'/`id'.xlsx")

. if "`id'" == "XT025" local destination xlsx("`out'/`id'.xlsx") excel("`out'/UNSELECTED.bad")

. if "`id'" == "XT026" local destination xlsx("") excel("`out'/`id'.xlsx")

. log using "`out'/`id'_console.txt", text replace nomsg name(xt)
(file /home/tpcopeland/R-Dev/_notes/tabtools-parity-2026-10-06/wp-6a/native-xt-v2/XT016_console.txt not found)

. capture noisily crosstab row column [fw=frequency], `opts' `destination' sheet(`id') ///
>     csv("`out'/`id'.csv") markdown("`out'/`id'.md")
Spearman trend test could not be computed; check outcome/exposure variation and weights

. local rc = _rc

. local nr .

. local nc .

. if !`rc' {
.     mata: golden_dump_r("`out'/`id'_stored.csv", "`id'")
.     tempname xttable
.     matrix `xttable' = r(table)
.     local nr = rowsof(`xttable')
.     local nc = colsof(`xttable')
. }

. log close xt

. tempname status

. file open `status' using "`out'/`id'_status.csv", write text replace
(file /home/tpcopeland/R-Dev/_notes/tabtools-parity-2026-10-06/wp-6a/native-xt-v2/XT016_status.csv not found)

. file write `status' "id,rc,nrow,ncol,pin" _n

. file write `status' "`id',`rc',`nr',`nc',712044f83ce6dd7bb4ca4237f3f6ffbc8aea5129" _n

. file close `status'

. if !`rc' & (`assoc_or' | `assoc_cs') {
.     egen byte xtrow = group(row)
.     egen byte xtcol = group(column)
.     replace xtrow = xtrow-1
.     replace xtcol = xtcol-1
.     tempname ci
.     file open `ci' using "`out'/`id'_association.csv", write text replace
.     file write `ci' "name,value" _n
.     if `assoc_or' {
.         quietly cc xtrow xtcol [fw=frequency], level(`level')
.         file write `ci' "or," %24.17g (r(or)) _n
.         file write `ci' "or_lo," %24.17g (r(lb_or)) _n
.         file write `ci' "or_hi," %24.17g (r(ub_or)) _n
.     }
.     if `assoc_cs' {
.         quietly cs xtrow xtcol [fw=frequency], level(`level')
.         file write `ci' "rr," %24.17g (r(rr)) _n
.         file write `ci' "rr_lo," %24.17g (r(lb_rr)) _n
.         file write `ci' "rr_hi," %24.17g (r(ub_rr)) _n
.         file write `ci' "rd," %24.17g (r(rd)) _n
.         file write `ci' "rd_lo," %24.17g (r(lb_rd)) _n
.         file write `ci' "rd_hi," %24.17g (r(ub_rd)) _n
.     }
.     file close `ci'
. }

. 
end of do-file

. /* Source authoring only. Root executes one case in an owned authenticated
>    Stata17 stage with golden_helpers.do loaded. Pin 712044f8 / tabtools2.5.1.
>    args: XT001..XT028, owned output directory. No adopath fallback/golden edits.
>    Inputs are literal and OUTSIDE loops. XT018 deliberately retains zero-only
>    categories to record the actual native boundary rather than rewrite it.
>    Root aggregates per-case status CSVs in ID order to crosstab-status.csv. */
. version 17.0

. args id out

. if !regexm("`id'", "^XT0(0[1-9]|1[0-9]|2[0-8])$") exit 198

. if `"`out'"' == "" exit 198

. set more off

. set varabbrev off

. set linesize 255

. clear

. local opts ""

. local level 95

. local assoc_or 0

. local assoc_cs 0

. 
. if inlist("`id'", "XT001", "XT002", "XT003", "XT008", "XT017", "XT018", "XT019", "XT025", "XT026") {
.     input double(row column frequency)

            row      column   frequency
  1.     1 1 40
  2.     2 1 10
  3.     1 2 20
  4.     2 2 30
  5.     end
. }

. if "`id'" == "XT001" {
.     local opts "or rr rd"
.     local assoc_or 1
.     local assoc_cs 1
. }

. if "`id'" == "XT002" {
.     replace column = 3-column
.     local opts "rowpct or rr rd"
.     local assoc_or 1
.     local assoc_cs 1
. }

. if "`id'" == "XT003" {
.     replace row = (row-1)/10
.     replace column = (column-1)/10
.     * Stata value labels require integer codes; fractional numeric codes remain numeric.
.     local opts "label totalpct or"
.     local assoc_or 1
. }

. if "`id'" == "XT004" {
.     input double(row column frequency)
.     1 1 1
.     2 1 3
.     1 2 3
.     2 2 1
.     end
.     local opts "or"
.     local assoc_or 1
. }

. if "`id'" == "XT005" {
.     input double(row column frequency)
.     1 1 1
.     2 1 2
.     1 2 1
.     2 2 2
.     1 3 1
.     2 3 2
.     end
. }

. if inlist("`id'", "XT006", "XT027") {
.     input double(row column frequency)
.     1 1 5
.     2 1 5
.     1 2 5
.     2 2 5
.     end
. }

. if "`id'" == "XT007" {
.     input double(row column frequency)
.     1 1 1250
.     2 1 386
.     1 2 4
.     2 2 4
.     end
.     local opts "or level(90)"
.     local level 90
.     local assoc_or 1
. }

. if "`id'" == "XT008" {
.     local opts "rr rd level(90)"
.     local level 90
.     local assoc_cs 1
. }

. if inlist("`id'", "XT009", "XT015", "XT024") {
.     input double(row column frequency)
.     1 1 1
.     2 1 0
.     1 2 0
.     2 2 1
.     end
. }

. if "`id'" == "XT009" {
.     replace frequency = 2*frequency
.     local opts "or"
. }

. if inlist("`id'", "XT010", "XT011", "XT012") {
.     input double(row column frequency)
.     1 0 10
.     2 0 30
.     1 1 20
.     2 1 20
.     1 2 30
.     2 2 10
.     end
.     if "`id'" == "XT011" replace column = 1e16+2*column
.     if "`id'" == "XT012" replace column = 5 if column==2
.     local opts "cochran"
. }

. if "`id'" == "XT013" {
.     input double(row column frequency)
.     1 -1 497
.     2 -1 19
.     1 0 560
.     2 0 29
.     1 1 269
.     2 1 24
.     end
.     local opts "cochran"
. }

. if "`id'" == "XT014" {
.     input double(row column frequency)
.     1 1 5
.     2 1 3
.     1 2 2
.     2 2 7
.     1 3 4
.     2 3 6
.     end
.     local opts "trend"
. }

. if "`id'" == "XT015" local opts "trend"

. if "`id'" == "XT016" {
.     input double(row column frequency)
.     1 1 0
.     2 1 1
.     1 2 1
.     2 2 0
.     end
.     local opts "trend"
. }

. if "`id'" == "XT017" {
.     set obs 6
Number of observations (_N) was 4, now 6.
.     replace row = . in 5
(0 real changes made)
.     replace column = 1 in 5
(1 real change made)
.     replace frequency = 7 in 5
(1 real change made)
.     replace row = .a in 6
(1 real change made, 1 to missing)
.     replace column = 1 in 6
(1 real change made)
.     replace frequency = 3 in 6
(1 real change made)
.     local opts "missing"
. }

. if "`id'" == "XT018" {
.     set obs 5
.     replace row = 999 in 5
.     replace column = 999 in 5
.     replace frequency = 0 in 5
. }

. if "`id'" == "XT019" local opts "trend missing"

. if inlist("`id'", "XT020", "XT021", "XT022") {
.     input double(row column frequency)
.     1 1 1
.     2 1 9
.     1 2 9
.     2 2 1
.     end
.     if "`id'" == "XT020" local opts "smallcells(3) or rr rd cochran"
.     if "`id'" == "XT021" {
.         local opts "smallcells(3, primary) or rr rd cochran"
.         local assoc_or 1
.         local assoc_cs 1
.     }
.     if "`id'" == "XT022" local opts "smallcells(3) rowpct"
. }

. if "`id'" == "XT023" {
.     input double(row column frequency)
.     1 1 1
.     2 1 1
.     1 2 0
.     2 2 10
.     end
.     local opts "smallcells(3, primary) rowpct"
. }

. if "`id'" == "XT024" local opts "smallcells(3, primary) totalpct"

. if "`id'" == "XT027" local opts "exact digits(2) headershade zebra"

. if "`id'" == "XT028" {
.     input double(row column frequency)
.     1 1 10
.     2 1 10
.     3 1 10
.     1 2 10
.     2 2 10
.     3 2 10
.     end
.     local opts "cochran"
. }

. local destination xlsx("`out'/`id'.xlsx")

. if "`id'" == "XT025" local destination xlsx("`out'/`id'.xlsx") excel("`out'/UNSELECTED.bad")

. if "`id'" == "XT026" local destination xlsx("") excel("`out'/`id'.xlsx")

. log using "`out'/`id'_console.txt", text replace nomsg name(xt)
(file /home/tpcopeland/R-Dev/_notes/tabtools-parity-2026-10-06/wp-6a/native-xt-v2/XT017_console.txt not found)

. capture noisily crosstab row column [fw=frequency], `opts' `destination' sheet(`id') ///
>     csv("`out'/`id'.csv") markdown("`out'/`id'.md")
  +------------------------------------------------------------------+
  |                            row            1            2   Total |
  |                              1   40 (66.7%)   20 (40.0%)      60 |
  |                              2   10 (16.7%)   30 (60.0%)      40 |
  |                        Missing    7 (11.7%)     0 (0.0%)       7 |
  |                   Missing (.a)     3 (5.0%)     0 (0.0%)       3 |
  |                          Total           60           50     110 |
  | Fisher's exact test: p < 0.001                                   |
  +------------------------------------------------------------------+

CSV exported to /home/tpcopeland/R-Dev/_notes/tabtools-parity-2026-10-06/wp-6a/native-xt-v2/XT017.csv
Markdown exported to /home/tpcopeland/R-Dev/_notes/tabtools-parity-2026-10-06/wp-6a/native-xt-v2/XT017.md
Exported to /home/tpcopeland/R-Dev/_notes/tabtools-parity-2026-10-06/wp-6a/native-xt-v2/XT017.xlsx, sheet XT017

. local rc = _rc

. local nr .

. local nc .

. if !`rc' {
.     mata: golden_dump_r("`out'/`id'_stored.csv", "`id'")
.     tempname xttable
.     matrix `xttable' = r(table)
.     local nr = rowsof(`xttable')
.     local nc = colsof(`xttable')
. }

. log close xt

. tempname status

. file open `status' using "`out'/`id'_status.csv", write text replace
(file /home/tpcopeland/R-Dev/_notes/tabtools-parity-2026-10-06/wp-6a/native-xt-v2/XT017_status.csv not found)

. file write `status' "id,rc,nrow,ncol,pin" _n

. file write `status' "`id',`rc',`nr',`nc',712044f83ce6dd7bb4ca4237f3f6ffbc8aea5129" _n

. file close `status'

. if !`rc' & (`assoc_or' | `assoc_cs') {
.     egen byte xtrow = group(row)
.     egen byte xtcol = group(column)
.     replace xtrow = xtrow-1
.     replace xtcol = xtcol-1
.     tempname ci
.     file open `ci' using "`out'/`id'_association.csv", write text replace
.     file write `ci' "name,value" _n
.     if `assoc_or' {
.         quietly cc xtrow xtcol [fw=frequency], level(`level')
.         file write `ci' "or," %24.17g (r(or)) _n
.         file write `ci' "or_lo," %24.17g (r(lb_or)) _n
.         file write `ci' "or_hi," %24.17g (r(ub_or)) _n
.     }
.     if `assoc_cs' {
.         quietly cs xtrow xtcol [fw=frequency], level(`level')
.         file write `ci' "rr," %24.17g (r(rr)) _n
.         file write `ci' "rr_lo," %24.17g (r(lb_rr)) _n
.         file write `ci' "rr_hi," %24.17g (r(ub_rr)) _n
.         file write `ci' "rd," %24.17g (r(rd)) _n
.         file write `ci' "rd_lo," %24.17g (r(lb_rd)) _n
.         file write `ci' "rd_hi," %24.17g (r(ub_rd)) _n
.     }
.     file close `ci'
. }

. 
end of do-file

. /* Source authoring only. Root executes one case in an owned authenticated
>    Stata17 stage with golden_helpers.do loaded. Pin 712044f8 / tabtools2.5.1.
>    args: XT001..XT028, owned output directory. No adopath fallback/golden edits.
>    Inputs are literal and OUTSIDE loops. XT018 deliberately retains zero-only
>    categories to record the actual native boundary rather than rewrite it.
>    Root aggregates per-case status CSVs in ID order to crosstab-status.csv. */
. version 17.0

. args id out

. if !regexm("`id'", "^XT0(0[1-9]|1[0-9]|2[0-8])$") exit 198

. if `"`out'"' == "" exit 198

. set more off

. set varabbrev off

. set linesize 255

. clear

. local opts ""

. local level 95

. local assoc_or 0

. local assoc_cs 0

. 
. if inlist("`id'", "XT001", "XT002", "XT003", "XT008", "XT017", "XT018", "XT019", "XT025", "XT026") {
.     input double(row column frequency)

            row      column   frequency
  1.     1 1 40
  2.     2 1 10
  3.     1 2 20
  4.     2 2 30
  5.     end
. }

. if "`id'" == "XT001" {
.     local opts "or rr rd"
.     local assoc_or 1
.     local assoc_cs 1
. }

. if "`id'" == "XT002" {
.     replace column = 3-column
.     local opts "rowpct or rr rd"
.     local assoc_or 1
.     local assoc_cs 1
. }

. if "`id'" == "XT003" {
.     replace row = (row-1)/10
.     replace column = (column-1)/10
.     * Stata value labels require integer codes; fractional numeric codes remain numeric.
.     local opts "label totalpct or"
.     local assoc_or 1
. }

. if "`id'" == "XT004" {
.     input double(row column frequency)
.     1 1 1
.     2 1 3
.     1 2 3
.     2 2 1
.     end
.     local opts "or"
.     local assoc_or 1
. }

. if "`id'" == "XT005" {
.     input double(row column frequency)
.     1 1 1
.     2 1 2
.     1 2 1
.     2 2 2
.     1 3 1
.     2 3 2
.     end
. }

. if inlist("`id'", "XT006", "XT027") {
.     input double(row column frequency)
.     1 1 5
.     2 1 5
.     1 2 5
.     2 2 5
.     end
. }

. if "`id'" == "XT007" {
.     input double(row column frequency)
.     1 1 1250
.     2 1 386
.     1 2 4
.     2 2 4
.     end
.     local opts "or level(90)"
.     local level 90
.     local assoc_or 1
. }

. if "`id'" == "XT008" {
.     local opts "rr rd level(90)"
.     local level 90
.     local assoc_cs 1
. }

. if inlist("`id'", "XT009", "XT015", "XT024") {
.     input double(row column frequency)
.     1 1 1
.     2 1 0
.     1 2 0
.     2 2 1
.     end
. }

. if "`id'" == "XT009" {
.     replace frequency = 2*frequency
.     local opts "or"
. }

. if inlist("`id'", "XT010", "XT011", "XT012") {
.     input double(row column frequency)
.     1 0 10
.     2 0 30
.     1 1 20
.     2 1 20
.     1 2 30
.     2 2 10
.     end
.     if "`id'" == "XT011" replace column = 1e16+2*column
.     if "`id'" == "XT012" replace column = 5 if column==2
.     local opts "cochran"
. }

. if "`id'" == "XT013" {
.     input double(row column frequency)
.     1 -1 497
.     2 -1 19
.     1 0 560
.     2 0 29
.     1 1 269
.     2 1 24
.     end
.     local opts "cochran"
. }

. if "`id'" == "XT014" {
.     input double(row column frequency)
.     1 1 5
.     2 1 3
.     1 2 2
.     2 2 7
.     1 3 4
.     2 3 6
.     end
.     local opts "trend"
. }

. if "`id'" == "XT015" local opts "trend"

. if "`id'" == "XT016" {
.     input double(row column frequency)
.     1 1 0
.     2 1 1
.     1 2 1
.     2 2 0
.     end
.     local opts "trend"
. }

. if "`id'" == "XT017" {
.     set obs 6
.     replace row = . in 5
.     replace column = 1 in 5
.     replace frequency = 7 in 5
.     replace row = .a in 6
.     replace column = 1 in 6
.     replace frequency = 3 in 6
.     local opts "missing"
. }

. if "`id'" == "XT018" {
.     set obs 5
Number of observations (_N) was 4, now 5.
.     replace row = 999 in 5
(1 real change made)
.     replace column = 999 in 5
(1 real change made)
.     replace frequency = 0 in 5
(1 real change made)
. }

. if "`id'" == "XT019" local opts "trend missing"

. if inlist("`id'", "XT020", "XT021", "XT022") {
.     input double(row column frequency)
.     1 1 1
.     2 1 9
.     1 2 9
.     2 2 1
.     end
.     if "`id'" == "XT020" local opts "smallcells(3) or rr rd cochran"
.     if "`id'" == "XT021" {
.         local opts "smallcells(3, primary) or rr rd cochran"
.         local assoc_or 1
.         local assoc_cs 1
.     }
.     if "`id'" == "XT022" local opts "smallcells(3) rowpct"
. }

. if "`id'" == "XT023" {
.     input double(row column frequency)
.     1 1 1
.     2 1 1
.     1 2 0
.     2 2 10
.     end
.     local opts "smallcells(3, primary) rowpct"
. }

. if "`id'" == "XT024" local opts "smallcells(3, primary) totalpct"

. if "`id'" == "XT027" local opts "exact digits(2) headershade zebra"

. if "`id'" == "XT028" {
.     input double(row column frequency)
.     1 1 10
.     2 1 10
.     3 1 10
.     1 2 10
.     2 2 10
.     3 2 10
.     end
.     local opts "cochran"
. }

. local destination xlsx("`out'/`id'.xlsx")

. if "`id'" == "XT025" local destination xlsx("`out'/`id'.xlsx") excel("`out'/UNSELECTED.bad")

. if "`id'" == "XT026" local destination xlsx("") excel("`out'/`id'.xlsx")

. log using "`out'/`id'_console.txt", text replace nomsg name(xt)
(file /home/tpcopeland/R-Dev/_notes/tabtools-parity-2026-10-06/wp-6a/native-xt-v2/XT018_console.txt not found)

. capture noisily crosstab row column [fw=frequency], `opts' `destination' sheet(`id') ///
>     csv("`out'/`id'.csv") markdown("`out'/`id'.md")
  +---------------------------------------------------------------------------------------+
  |                                                 row            1            2   Total |
  |                                                   1   40 (80.0%)   20 (40.0%)      60 |
  |                                                   2   10 (20.0%)   30 (60.0%)      40 |
  |                                               Total           50           50     100 |
  | Pearson's chi-squared test: chi2 = 16.67, p < 0.001                                   |
  +---------------------------------------------------------------------------------------+

CSV exported to /home/tpcopeland/R-Dev/_notes/tabtools-parity-2026-10-06/wp-6a/native-xt-v2/XT018.csv
Markdown exported to /home/tpcopeland/R-Dev/_notes/tabtools-parity-2026-10-06/wp-6a/native-xt-v2/XT018.md
Exported to /home/tpcopeland/R-Dev/_notes/tabtools-parity-2026-10-06/wp-6a/native-xt-v2/XT018.xlsx, sheet XT018

. local rc = _rc

. local nr .

. local nc .

. if !`rc' {
.     mata: golden_dump_r("`out'/`id'_stored.csv", "`id'")
.     tempname xttable
.     matrix `xttable' = r(table)
.     local nr = rowsof(`xttable')
.     local nc = colsof(`xttable')
. }

. log close xt

. tempname status

. file open `status' using "`out'/`id'_status.csv", write text replace
(file /home/tpcopeland/R-Dev/_notes/tabtools-parity-2026-10-06/wp-6a/native-xt-v2/XT018_status.csv not found)

. file write `status' "id,rc,nrow,ncol,pin" _n

. file write `status' "`id',`rc',`nr',`nc',712044f83ce6dd7bb4ca4237f3f6ffbc8aea5129" _n

. file close `status'

. if !`rc' & (`assoc_or' | `assoc_cs') {
.     egen byte xtrow = group(row)
.     egen byte xtcol = group(column)
.     replace xtrow = xtrow-1
.     replace xtcol = xtcol-1
.     tempname ci
.     file open `ci' using "`out'/`id'_association.csv", write text replace
.     file write `ci' "name,value" _n
.     if `assoc_or' {
.         quietly cc xtrow xtcol [fw=frequency], level(`level')
.         file write `ci' "or," %24.17g (r(or)) _n
.         file write `ci' "or_lo," %24.17g (r(lb_or)) _n
.         file write `ci' "or_hi," %24.17g (r(ub_or)) _n
.     }
.     if `assoc_cs' {
.         quietly cs xtrow xtcol [fw=frequency], level(`level')
.         file write `ci' "rr," %24.17g (r(rr)) _n
.         file write `ci' "rr_lo," %24.17g (r(lb_rr)) _n
.         file write `ci' "rr_hi," %24.17g (r(ub_rr)) _n
.         file write `ci' "rd," %24.17g (r(rd)) _n
.         file write `ci' "rd_lo," %24.17g (r(lb_rd)) _n
.         file write `ci' "rd_hi," %24.17g (r(ub_rd)) _n
.     }
.     file close `ci'
. }

. 
end of do-file

. /* Source authoring only. Root executes one case in an owned authenticated
>    Stata17 stage with golden_helpers.do loaded. Pin 712044f8 / tabtools2.5.1.
>    args: XT001..XT028, owned output directory. No adopath fallback/golden edits.
>    Inputs are literal and OUTSIDE loops. XT018 deliberately retains zero-only
>    categories to record the actual native boundary rather than rewrite it.
>    Root aggregates per-case status CSVs in ID order to crosstab-status.csv. */
. version 17.0

. args id out

. if !regexm("`id'", "^XT0(0[1-9]|1[0-9]|2[0-8])$") exit 198

. if `"`out'"' == "" exit 198

. set more off

. set varabbrev off

. set linesize 255

. clear

. local opts ""

. local level 95

. local assoc_or 0

. local assoc_cs 0

. 
. if inlist("`id'", "XT001", "XT002", "XT003", "XT008", "XT017", "XT018", "XT019", "XT025", "XT026") {
.     input double(row column frequency)

            row      column   frequency
  1.     1 1 40
  2.     2 1 10
  3.     1 2 20
  4.     2 2 30
  5.     end
. }

. if "`id'" == "XT001" {
.     local opts "or rr rd"
.     local assoc_or 1
.     local assoc_cs 1
. }

. if "`id'" == "XT002" {
.     replace column = 3-column
.     local opts "rowpct or rr rd"
.     local assoc_or 1
.     local assoc_cs 1
. }

. if "`id'" == "XT003" {
.     replace row = (row-1)/10
.     replace column = (column-1)/10
.     * Stata value labels require integer codes; fractional numeric codes remain numeric.
.     local opts "label totalpct or"
.     local assoc_or 1
. }

. if "`id'" == "XT004" {
.     input double(row column frequency)
.     1 1 1
.     2 1 3
.     1 2 3
.     2 2 1
.     end
.     local opts "or"
.     local assoc_or 1
. }

. if "`id'" == "XT005" {
.     input double(row column frequency)
.     1 1 1
.     2 1 2
.     1 2 1
.     2 2 2
.     1 3 1
.     2 3 2
.     end
. }

. if inlist("`id'", "XT006", "XT027") {
.     input double(row column frequency)
.     1 1 5
.     2 1 5
.     1 2 5
.     2 2 5
.     end
. }

. if "`id'" == "XT007" {
.     input double(row column frequency)
.     1 1 1250
.     2 1 386
.     1 2 4
.     2 2 4
.     end
.     local opts "or level(90)"
.     local level 90
.     local assoc_or 1
. }

. if "`id'" == "XT008" {
.     local opts "rr rd level(90)"
.     local level 90
.     local assoc_cs 1
. }

. if inlist("`id'", "XT009", "XT015", "XT024") {
.     input double(row column frequency)
.     1 1 1
.     2 1 0
.     1 2 0
.     2 2 1
.     end
. }

. if "`id'" == "XT009" {
.     replace frequency = 2*frequency
.     local opts "or"
. }

. if inlist("`id'", "XT010", "XT011", "XT012") {
.     input double(row column frequency)
.     1 0 10
.     2 0 30
.     1 1 20
.     2 1 20
.     1 2 30
.     2 2 10
.     end
.     if "`id'" == "XT011" replace column = 1e16+2*column
.     if "`id'" == "XT012" replace column = 5 if column==2
.     local opts "cochran"
. }

. if "`id'" == "XT013" {
.     input double(row column frequency)
.     1 -1 497
.     2 -1 19
.     1 0 560
.     2 0 29
.     1 1 269
.     2 1 24
.     end
.     local opts "cochran"
. }

. if "`id'" == "XT014" {
.     input double(row column frequency)
.     1 1 5
.     2 1 3
.     1 2 2
.     2 2 7
.     1 3 4
.     2 3 6
.     end
.     local opts "trend"
. }

. if "`id'" == "XT015" local opts "trend"

. if "`id'" == "XT016" {
.     input double(row column frequency)
.     1 1 0
.     2 1 1
.     1 2 1
.     2 2 0
.     end
.     local opts "trend"
. }

. if "`id'" == "XT017" {
.     set obs 6
.     replace row = . in 5
.     replace column = 1 in 5
.     replace frequency = 7 in 5
.     replace row = .a in 6
.     replace column = 1 in 6
.     replace frequency = 3 in 6
.     local opts "missing"
. }

. if "`id'" == "XT018" {
.     set obs 5
.     replace row = 999 in 5
.     replace column = 999 in 5
.     replace frequency = 0 in 5
. }

. if "`id'" == "XT019" local opts "trend missing"

. if inlist("`id'", "XT020", "XT021", "XT022") {
.     input double(row column frequency)
.     1 1 1
.     2 1 9
.     1 2 9
.     2 2 1
.     end
.     if "`id'" == "XT020" local opts "smallcells(3) or rr rd cochran"
.     if "`id'" == "XT021" {
.         local opts "smallcells(3, primary) or rr rd cochran"
.         local assoc_or 1
.         local assoc_cs 1
.     }
.     if "`id'" == "XT022" local opts "smallcells(3) rowpct"
. }

. if "`id'" == "XT023" {
.     input double(row column frequency)
.     1 1 1
.     2 1 1
.     1 2 0
.     2 2 10
.     end
.     local opts "smallcells(3, primary) rowpct"
. }

. if "`id'" == "XT024" local opts "smallcells(3, primary) totalpct"

. if "`id'" == "XT027" local opts "exact digits(2) headershade zebra"

. if "`id'" == "XT028" {
.     input double(row column frequency)
.     1 1 10
.     2 1 10
.     3 1 10
.     1 2 10
.     2 2 10
.     3 2 10
.     end
.     local opts "cochran"
. }

. local destination xlsx("`out'/`id'.xlsx")

. if "`id'" == "XT025" local destination xlsx("`out'/`id'.xlsx") excel("`out'/UNSELECTED.bad")

. if "`id'" == "XT026" local destination xlsx("") excel("`out'/`id'.xlsx")

. log using "`out'/`id'_console.txt", text replace nomsg name(xt)
(file /home/tpcopeland/R-Dev/_notes/tabtools-parity-2026-10-06/wp-6a/native-xt-v2/XT019_console.txt not found)

. capture noisily crosstab row column [fw=frequency], `opts' `destination' sheet(`id') ///
>     csv("`out'/`id'.csv") markdown("`out'/`id'.md")
trend cannot be combined with missing (a missing category is not ordered)

. local rc = _rc

. local nr .

. local nc .

. if !`rc' {
.     mata: golden_dump_r("`out'/`id'_stored.csv", "`id'")
.     tempname xttable
.     matrix `xttable' = r(table)
.     local nr = rowsof(`xttable')
.     local nc = colsof(`xttable')
. }

. log close xt

. tempname status

. file open `status' using "`out'/`id'_status.csv", write text replace
(file /home/tpcopeland/R-Dev/_notes/tabtools-parity-2026-10-06/wp-6a/native-xt-v2/XT019_status.csv not found)

. file write `status' "id,rc,nrow,ncol,pin" _n

. file write `status' "`id',`rc',`nr',`nc',712044f83ce6dd7bb4ca4237f3f6ffbc8aea5129" _n

. file close `status'

. if !`rc' & (`assoc_or' | `assoc_cs') {
.     egen byte xtrow = group(row)
.     egen byte xtcol = group(column)
.     replace xtrow = xtrow-1
.     replace xtcol = xtcol-1
.     tempname ci
.     file open `ci' using "`out'/`id'_association.csv", write text replace
.     file write `ci' "name,value" _n
.     if `assoc_or' {
.         quietly cc xtrow xtcol [fw=frequency], level(`level')
.         file write `ci' "or," %24.17g (r(or)) _n
.         file write `ci' "or_lo," %24.17g (r(lb_or)) _n
.         file write `ci' "or_hi," %24.17g (r(ub_or)) _n
.     }
.     if `assoc_cs' {
.         quietly cs xtrow xtcol [fw=frequency], level(`level')
.         file write `ci' "rr," %24.17g (r(rr)) _n
.         file write `ci' "rr_lo," %24.17g (r(lb_rr)) _n
.         file write `ci' "rr_hi," %24.17g (r(ub_rr)) _n
.         file write `ci' "rd," %24.17g (r(rd)) _n
.         file write `ci' "rd_lo," %24.17g (r(lb_rd)) _n
.         file write `ci' "rd_hi," %24.17g (r(ub_rd)) _n
.     }
.     file close `ci'
. }

. 
end of do-file

. /* Source authoring only. Root executes one case in an owned authenticated
>    Stata17 stage with golden_helpers.do loaded. Pin 712044f8 / tabtools2.5.1.
>    args: XT001..XT028, owned output directory. No adopath fallback/golden edits.
>    Inputs are literal and OUTSIDE loops. XT018 deliberately retains zero-only
>    categories to record the actual native boundary rather than rewrite it.
>    Root aggregates per-case status CSVs in ID order to crosstab-status.csv. */
. version 17.0

. args id out

. if !regexm("`id'", "^XT0(0[1-9]|1[0-9]|2[0-8])$") exit 198

. if `"`out'"' == "" exit 198

. set more off

. set varabbrev off

. set linesize 255

. clear

. local opts ""

. local level 95

. local assoc_or 0

. local assoc_cs 0

. 
. if inlist("`id'", "XT001", "XT002", "XT003", "XT008", "XT017", "XT018", "XT019", "XT025", "XT026") {
.     input double(row column frequency)
.     1 1 40
.     2 1 10
.     1 2 20
.     2 2 30
.     end
. }

. if "`id'" == "XT001" {
.     local opts "or rr rd"
.     local assoc_or 1
.     local assoc_cs 1
. }

. if "`id'" == "XT002" {
.     replace column = 3-column
.     local opts "rowpct or rr rd"
.     local assoc_or 1
.     local assoc_cs 1
. }

. if "`id'" == "XT003" {
.     replace row = (row-1)/10
.     replace column = (column-1)/10
.     * Stata value labels require integer codes; fractional numeric codes remain numeric.
.     local opts "label totalpct or"
.     local assoc_or 1
. }

. if "`id'" == "XT004" {
.     input double(row column frequency)
.     1 1 1
.     2 1 3
.     1 2 3
.     2 2 1
.     end
.     local opts "or"
.     local assoc_or 1
. }

. if "`id'" == "XT005" {
.     input double(row column frequency)
.     1 1 1
.     2 1 2
.     1 2 1
.     2 2 2
.     1 3 1
.     2 3 2
.     end
. }

. if inlist("`id'", "XT006", "XT027") {
.     input double(row column frequency)
.     1 1 5
.     2 1 5
.     1 2 5
.     2 2 5
.     end
. }

. if "`id'" == "XT007" {
.     input double(row column frequency)
.     1 1 1250
.     2 1 386
.     1 2 4
.     2 2 4
.     end
.     local opts "or level(90)"
.     local level 90
.     local assoc_or 1
. }

. if "`id'" == "XT008" {
.     local opts "rr rd level(90)"
.     local level 90
.     local assoc_cs 1
. }

. if inlist("`id'", "XT009", "XT015", "XT024") {
.     input double(row column frequency)
.     1 1 1
.     2 1 0
.     1 2 0
.     2 2 1
.     end
. }

. if "`id'" == "XT009" {
.     replace frequency = 2*frequency
.     local opts "or"
. }

. if inlist("`id'", "XT010", "XT011", "XT012") {
.     input double(row column frequency)
.     1 0 10
.     2 0 30
.     1 1 20
.     2 1 20
.     1 2 30
.     2 2 10
.     end
.     if "`id'" == "XT011" replace column = 1e16+2*column
.     if "`id'" == "XT012" replace column = 5 if column==2
.     local opts "cochran"
. }

. if "`id'" == "XT013" {
.     input double(row column frequency)
.     1 -1 497
.     2 -1 19
.     1 0 560
.     2 0 29
.     1 1 269
.     2 1 24
.     end
.     local opts "cochran"
. }

. if "`id'" == "XT014" {
.     input double(row column frequency)
.     1 1 5
.     2 1 3
.     1 2 2
.     2 2 7
.     1 3 4
.     2 3 6
.     end
.     local opts "trend"
. }

. if "`id'" == "XT015" local opts "trend"

. if "`id'" == "XT016" {
.     input double(row column frequency)
.     1 1 0
.     2 1 1
.     1 2 1
.     2 2 0
.     end
.     local opts "trend"
. }

. if "`id'" == "XT017" {
.     set obs 6
.     replace row = . in 5
.     replace column = 1 in 5
.     replace frequency = 7 in 5
.     replace row = .a in 6
.     replace column = 1 in 6
.     replace frequency = 3 in 6
.     local opts "missing"
. }

. if "`id'" == "XT018" {
.     set obs 5
.     replace row = 999 in 5
.     replace column = 999 in 5
.     replace frequency = 0 in 5
. }

. if "`id'" == "XT019" local opts "trend missing"

. if inlist("`id'", "XT020", "XT021", "XT022") {
.     input double(row column frequency)

            row      column   frequency
  1.     1 1 1
  2.     2 1 9
  3.     1 2 9
  4.     2 2 1
  5.     end
.     if "`id'" == "XT020" local opts "smallcells(3) or rr rd cochran"
.     if "`id'" == "XT021" {
.         local opts "smallcells(3, primary) or rr rd cochran"
.         local assoc_or 1
.         local assoc_cs 1
.     }
.     if "`id'" == "XT022" local opts "smallcells(3) rowpct"
. }

. if "`id'" == "XT023" {
.     input double(row column frequency)
.     1 1 1
.     2 1 1
.     1 2 0
.     2 2 10
.     end
.     local opts "smallcells(3, primary) rowpct"
. }

. if "`id'" == "XT024" local opts "smallcells(3, primary) totalpct"

. if "`id'" == "XT027" local opts "exact digits(2) headershade zebra"

. if "`id'" == "XT028" {
.     input double(row column frequency)
.     1 1 10
.     2 1 10
.     3 1 10
.     1 2 10
.     2 2 10
.     3 2 10
.     end
.     local opts "cochran"
. }

. local destination xlsx("`out'/`id'.xlsx")

. if "`id'" == "XT025" local destination xlsx("`out'/`id'.xlsx") excel("`out'/UNSELECTED.bad")

. if "`id'" == "XT026" local destination xlsx("") excel("`out'/`id'.xlsx")

. log using "`out'/`id'_console.txt", text replace nomsg name(xt)
(file /home/tpcopeland/R-Dev/_notes/tabtools-parity-2026-10-06/wp-6a/native-xt-v2/XT020_console.txt not found)

. capture noisily crosstab row column [fw=frequency], `opts' `destination' sheet(`id') ///
>     csv("`out'/`id'.csv") markdown("`out'/`id'.md")
  +---------------------------------------------------------------+
  |                                         row    1    2   Total |
  |                                           1   <3   ≥3      10 |
  |                                           2   ≥3   <3      10 |
  |                                       Total   10   10      20 |
  |      Pearson's chi-squared test: Suppressed                   |
  |                             OR = Suppressed                   |
  |                             RR = Suppressed                   |
  |                             RD = Suppressed                   |
  | P for trend (Cochran-Armitage) = Suppressed                   |
  +---------------------------------------------------------------+

Counts below 3 are shown as <3; complementary cells are shown as ≥3 to prevent exact reconstruction.
CSV exported to /home/tpcopeland/R-Dev/_notes/tabtools-parity-2026-10-06/wp-6a/native-xt-v2/XT020.csv
Markdown exported to /home/tpcopeland/R-Dev/_notes/tabtools-parity-2026-10-06/wp-6a/native-xt-v2/XT020.md
Exported to /home/tpcopeland/R-Dev/_notes/tabtools-parity-2026-10-06/wp-6a/native-xt-v2/XT020.xlsx, sheet XT020

. local rc = _rc

. local nr .

. local nc .

. if !`rc' {
.     mata: golden_dump_r("`out'/`id'_stored.csv", "`id'")
.     tempname xttable
.     matrix `xttable' = r(table)
.     local nr = rowsof(`xttable')
.     local nc = colsof(`xttable')
. }

. log close xt

. tempname status

. file open `status' using "`out'/`id'_status.csv", write text replace
(file /home/tpcopeland/R-Dev/_notes/tabtools-parity-2026-10-06/wp-6a/native-xt-v2/XT020_status.csv not found)

. file write `status' "id,rc,nrow,ncol,pin" _n

. file write `status' "`id',`rc',`nr',`nc',712044f83ce6dd7bb4ca4237f3f6ffbc8aea5129" _n

. file close `status'

. if !`rc' & (`assoc_or' | `assoc_cs') {
.     egen byte xtrow = group(row)
.     egen byte xtcol = group(column)
.     replace xtrow = xtrow-1
.     replace xtcol = xtcol-1
.     tempname ci
.     file open `ci' using "`out'/`id'_association.csv", write text replace
.     file write `ci' "name,value" _n
.     if `assoc_or' {
.         quietly cc xtrow xtcol [fw=frequency], level(`level')
.         file write `ci' "or," %24.17g (r(or)) _n
.         file write `ci' "or_lo," %24.17g (r(lb_or)) _n
.         file write `ci' "or_hi," %24.17g (r(ub_or)) _n
.     }
.     if `assoc_cs' {
.         quietly cs xtrow xtcol [fw=frequency], level(`level')
.         file write `ci' "rr," %24.17g (r(rr)) _n
.         file write `ci' "rr_lo," %24.17g (r(lb_rr)) _n
.         file write `ci' "rr_hi," %24.17g (r(ub_rr)) _n
.         file write `ci' "rd," %24.17g (r(rd)) _n
.         file write `ci' "rd_lo," %24.17g (r(lb_rd)) _n
.         file write `ci' "rd_hi," %24.17g (r(ub_rd)) _n
.     }
.     file close `ci'
. }

. 
end of do-file

. /* Source authoring only. Root executes one case in an owned authenticated
>    Stata17 stage with golden_helpers.do loaded. Pin 712044f8 / tabtools2.5.1.
>    args: XT001..XT028, owned output directory. No adopath fallback/golden edits.
>    Inputs are literal and OUTSIDE loops. XT018 deliberately retains zero-only
>    categories to record the actual native boundary rather than rewrite it.
>    Root aggregates per-case status CSVs in ID order to crosstab-status.csv. */
. version 17.0

. args id out

. if !regexm("`id'", "^XT0(0[1-9]|1[0-9]|2[0-8])$") exit 198

. if `"`out'"' == "" exit 198

. set more off

. set varabbrev off

. set linesize 255

. clear

. local opts ""

. local level 95

. local assoc_or 0

. local assoc_cs 0

. 
. if inlist("`id'", "XT001", "XT002", "XT003", "XT008", "XT017", "XT018", "XT019", "XT025", "XT026") {
.     input double(row column frequency)
.     1 1 40
.     2 1 10
.     1 2 20
.     2 2 30
.     end
. }

. if "`id'" == "XT001" {
.     local opts "or rr rd"
.     local assoc_or 1
.     local assoc_cs 1
. }

. if "`id'" == "XT002" {
.     replace column = 3-column
.     local opts "rowpct or rr rd"
.     local assoc_or 1
.     local assoc_cs 1
. }

. if "`id'" == "XT003" {
.     replace row = (row-1)/10
.     replace column = (column-1)/10
.     * Stata value labels require integer codes; fractional numeric codes remain numeric.
.     local opts "label totalpct or"
.     local assoc_or 1
. }

. if "`id'" == "XT004" {
.     input double(row column frequency)
.     1 1 1
.     2 1 3
.     1 2 3
.     2 2 1
.     end
.     local opts "or"
.     local assoc_or 1
. }

. if "`id'" == "XT005" {
.     input double(row column frequency)
.     1 1 1
.     2 1 2
.     1 2 1
.     2 2 2
.     1 3 1
.     2 3 2
.     end
. }

. if inlist("`id'", "XT006", "XT027") {
.     input double(row column frequency)
.     1 1 5
.     2 1 5
.     1 2 5
.     2 2 5
.     end
. }

. if "`id'" == "XT007" {
.     input double(row column frequency)
.     1 1 1250
.     2 1 386
.     1 2 4
.     2 2 4
.     end
.     local opts "or level(90)"
.     local level 90
.     local assoc_or 1
. }

. if "`id'" == "XT008" {
.     local opts "rr rd level(90)"
.     local level 90
.     local assoc_cs 1
. }

. if inlist("`id'", "XT009", "XT015", "XT024") {
.     input double(row column frequency)
.     1 1 1
.     2 1 0
.     1 2 0
.     2 2 1
.     end
. }

. if "`id'" == "XT009" {
.     replace frequency = 2*frequency
.     local opts "or"
. }

. if inlist("`id'", "XT010", "XT011", "XT012") {
.     input double(row column frequency)
.     1 0 10
.     2 0 30
.     1 1 20
.     2 1 20
.     1 2 30
.     2 2 10
.     end
.     if "`id'" == "XT011" replace column = 1e16+2*column
.     if "`id'" == "XT012" replace column = 5 if column==2
.     local opts "cochran"
. }

. if "`id'" == "XT013" {
.     input double(row column frequency)
.     1 -1 497
.     2 -1 19
.     1 0 560
.     2 0 29
.     1 1 269
.     2 1 24
.     end
.     local opts "cochran"
. }

. if "`id'" == "XT014" {
.     input double(row column frequency)
.     1 1 5
.     2 1 3
.     1 2 2
.     2 2 7
.     1 3 4
.     2 3 6
.     end
.     local opts "trend"
. }

. if "`id'" == "XT015" local opts "trend"

. if "`id'" == "XT016" {
.     input double(row column frequency)
.     1 1 0
.     2 1 1
.     1 2 1
.     2 2 0
.     end
.     local opts "trend"
. }

. if "`id'" == "XT017" {
.     set obs 6
.     replace row = . in 5
.     replace column = 1 in 5
.     replace frequency = 7 in 5
.     replace row = .a in 6
.     replace column = 1 in 6
.     replace frequency = 3 in 6
.     local opts "missing"
. }

. if "`id'" == "XT018" {
.     set obs 5
.     replace row = 999 in 5
.     replace column = 999 in 5
.     replace frequency = 0 in 5
. }

. if "`id'" == "XT019" local opts "trend missing"

. if inlist("`id'", "XT020", "XT021", "XT022") {
.     input double(row column frequency)

            row      column   frequency
  1.     1 1 1
  2.     2 1 9
  3.     1 2 9
  4.     2 2 1
  5.     end
.     if "`id'" == "XT020" local opts "smallcells(3) or rr rd cochran"
.     if "`id'" == "XT021" {
.         local opts "smallcells(3, primary) or rr rd cochran"
.         local assoc_or 1
.         local assoc_cs 1
.     }
.     if "`id'" == "XT022" local opts "smallcells(3) rowpct"
. }

. if "`id'" == "XT023" {
.     input double(row column frequency)
.     1 1 1
.     2 1 1
.     1 2 0
.     2 2 10
.     end
.     local opts "smallcells(3, primary) rowpct"
. }

. if "`id'" == "XT024" local opts "smallcells(3, primary) totalpct"

. if "`id'" == "XT027" local opts "exact digits(2) headershade zebra"

. if "`id'" == "XT028" {
.     input double(row column frequency)
.     1 1 10
.     2 1 10
.     3 1 10
.     1 2 10
.     2 2 10
.     3 2 10
.     end
.     local opts "cochran"
. }

. local destination xlsx("`out'/`id'.xlsx")

. if "`id'" == "XT025" local destination xlsx("`out'/`id'.xlsx") excel("`out'/UNSELECTED.bad")

. if "`id'" == "XT026" local destination xlsx("") excel("`out'/`id'.xlsx")

. log using "`out'/`id'_console.txt", text replace nomsg name(xt)
(file /home/tpcopeland/R-Dev/_notes/tabtools-parity-2026-10-06/wp-6a/native-xt-v2/XT021_console.txt not found)

. capture noisily crosstab row column [fw=frequency], `opts' `destination' sheet(`id') ///
>     csv("`out'/`id'.csv") markdown("`out'/`id'.md")
  +-------------------------------------------------------------------------------------+
  |                                                 row           1           2   Total |
  |                                                   1          <3   9 (90.0%)      10 |
  |                                                   2   9 (90.0%)          <3      10 |
  |                                               Total          10          10      20 |
  | Pearson's chi-squared test: chi2 = 12.80, p < 0.001                                 |
  |                         OR = 0.0 (95% CI: 0.0, 0.3)                                 |
  |                         RR = 0.1 (95% CI: 0.0, 0.7)                                 |
  |                RD = -0.800 (95% CI: -1.063, -0.537)                                 |
  |             P for trend (Cochran-Armitage) = <0.001                                 |
  +-------------------------------------------------------------------------------------+

Counts from 1 to 2 are shown as <3 without a percentage (primary suppression only: no complementary cells are masked, and totals and tests are shown as computed). This protects printed counts only.
CSV exported to /home/tpcopeland/R-Dev/_notes/tabtools-parity-2026-10-06/wp-6a/native-xt-v2/XT021.csv
Markdown exported to /home/tpcopeland/R-Dev/_notes/tabtools-parity-2026-10-06/wp-6a/native-xt-v2/XT021.md
Exported to /home/tpcopeland/R-Dev/_notes/tabtools-parity-2026-10-06/wp-6a/native-xt-v2/XT021.xlsx, sheet XT021

. local rc = _rc

. local nr .

. local nc .

. if !`rc' {
.     mata: golden_dump_r("`out'/`id'_stored.csv", "`id'")
.     tempname xttable
.     matrix `xttable' = r(table)
.     local nr = rowsof(`xttable')
.     local nc = colsof(`xttable')
. }

. log close xt

. tempname status

. file open `status' using "`out'/`id'_status.csv", write text replace
(file /home/tpcopeland/R-Dev/_notes/tabtools-parity-2026-10-06/wp-6a/native-xt-v2/XT021_status.csv not found)

. file write `status' "id,rc,nrow,ncol,pin" _n

. file write `status' "`id',`rc',`nr',`nc',712044f83ce6dd7bb4ca4237f3f6ffbc8aea5129" _n

. file close `status'

. if !`rc' & (`assoc_or' | `assoc_cs') {
.     egen byte xtrow = group(row)
.     egen byte xtcol = group(column)
.     replace xtrow = xtrow-1
(4 real changes made)
.     replace xtcol = xtcol-1
(4 real changes made)
.     tempname ci
.     file open `ci' using "`out'/`id'_association.csv", write text replace
(file /home/tpcopeland/R-Dev/_notes/tabtools-parity-2026-10-06/wp-6a/native-xt-v2/XT021_association.csv not found)
.     file write `ci' "name,value" _n
.     if `assoc_or' {
.         quietly cc xtrow xtcol [fw=frequency], level(`level')
.         file write `ci' "or," %24.17g (r(or)) _n
.         file write `ci' "or_lo," %24.17g (r(lb_or)) _n
.         file write `ci' "or_hi," %24.17g (r(ub_or)) _n
.     }
.     if `assoc_cs' {
.         quietly cs xtrow xtcol [fw=frequency], level(`level')
.         file write `ci' "rr," %24.17g (r(rr)) _n
.         file write `ci' "rr_lo," %24.17g (r(lb_rr)) _n
.         file write `ci' "rr_hi," %24.17g (r(ub_rr)) _n
.         file write `ci' "rd," %24.17g (r(rd)) _n
.         file write `ci' "rd_lo," %24.17g (r(lb_rd)) _n
.         file write `ci' "rd_hi," %24.17g (r(ub_rd)) _n
.     }
.     file close `ci'
. }

. 
end of do-file

. /* Source authoring only. Root executes one case in an owned authenticated
>    Stata17 stage with golden_helpers.do loaded. Pin 712044f8 / tabtools2.5.1.
>    args: XT001..XT028, owned output directory. No adopath fallback/golden edits.
>    Inputs are literal and OUTSIDE loops. XT018 deliberately retains zero-only
>    categories to record the actual native boundary rather than rewrite it.
>    Root aggregates per-case status CSVs in ID order to crosstab-status.csv. */
. version 17.0

. args id out

. if !regexm("`id'", "^XT0(0[1-9]|1[0-9]|2[0-8])$") exit 198

. if `"`out'"' == "" exit 198

. set more off

. set varabbrev off

. set linesize 255

. clear

. local opts ""

. local level 95

. local assoc_or 0

. local assoc_cs 0

. 
. if inlist("`id'", "XT001", "XT002", "XT003", "XT008", "XT017", "XT018", "XT019", "XT025", "XT026") {
.     input double(row column frequency)
.     1 1 40
.     2 1 10
.     1 2 20
.     2 2 30
.     end
. }

. if "`id'" == "XT001" {
.     local opts "or rr rd"
.     local assoc_or 1
.     local assoc_cs 1
. }

. if "`id'" == "XT002" {
.     replace column = 3-column
.     local opts "rowpct or rr rd"
.     local assoc_or 1
.     local assoc_cs 1
. }

. if "`id'" == "XT003" {
.     replace row = (row-1)/10
.     replace column = (column-1)/10
.     * Stata value labels require integer codes; fractional numeric codes remain numeric.
.     local opts "label totalpct or"
.     local assoc_or 1
. }

. if "`id'" == "XT004" {
.     input double(row column frequency)
.     1 1 1
.     2 1 3
.     1 2 3
.     2 2 1
.     end
.     local opts "or"
.     local assoc_or 1
. }

. if "`id'" == "XT005" {
.     input double(row column frequency)
.     1 1 1
.     2 1 2
.     1 2 1
.     2 2 2
.     1 3 1
.     2 3 2
.     end
. }

. if inlist("`id'", "XT006", "XT027") {
.     input double(row column frequency)
.     1 1 5
.     2 1 5
.     1 2 5
.     2 2 5
.     end
. }

. if "`id'" == "XT007" {
.     input double(row column frequency)
.     1 1 1250
.     2 1 386
.     1 2 4
.     2 2 4
.     end
.     local opts "or level(90)"
.     local level 90
.     local assoc_or 1
. }

. if "`id'" == "XT008" {
.     local opts "rr rd level(90)"
.     local level 90
.     local assoc_cs 1
. }

. if inlist("`id'", "XT009", "XT015", "XT024") {
.     input double(row column frequency)
.     1 1 1
.     2 1 0
.     1 2 0
.     2 2 1
.     end
. }

. if "`id'" == "XT009" {
.     replace frequency = 2*frequency
.     local opts "or"
. }

. if inlist("`id'", "XT010", "XT011", "XT012") {
.     input double(row column frequency)
.     1 0 10
.     2 0 30
.     1 1 20
.     2 1 20
.     1 2 30
.     2 2 10
.     end
.     if "`id'" == "XT011" replace column = 1e16+2*column
.     if "`id'" == "XT012" replace column = 5 if column==2
.     local opts "cochran"
. }

. if "`id'" == "XT013" {
.     input double(row column frequency)
.     1 -1 497
.     2 -1 19
.     1 0 560
.     2 0 29
.     1 1 269
.     2 1 24
.     end
.     local opts "cochran"
. }

. if "`id'" == "XT014" {
.     input double(row column frequency)
.     1 1 5
.     2 1 3
.     1 2 2
.     2 2 7
.     1 3 4
.     2 3 6
.     end
.     local opts "trend"
. }

. if "`id'" == "XT015" local opts "trend"

. if "`id'" == "XT016" {
.     input double(row column frequency)
.     1 1 0
.     2 1 1
.     1 2 1
.     2 2 0
.     end
.     local opts "trend"
. }

. if "`id'" == "XT017" {
.     set obs 6
.     replace row = . in 5
.     replace column = 1 in 5
.     replace frequency = 7 in 5
.     replace row = .a in 6
.     replace column = 1 in 6
.     replace frequency = 3 in 6
.     local opts "missing"
. }

. if "`id'" == "XT018" {
.     set obs 5
.     replace row = 999 in 5
.     replace column = 999 in 5
.     replace frequency = 0 in 5
. }

. if "`id'" == "XT019" local opts "trend missing"

. if inlist("`id'", "XT020", "XT021", "XT022") {
.     input double(row column frequency)

            row      column   frequency
  1.     1 1 1
  2.     2 1 9
  3.     1 2 9
  4.     2 2 1
  5.     end
.     if "`id'" == "XT020" local opts "smallcells(3) or rr rd cochran"
.     if "`id'" == "XT021" {
.         local opts "smallcells(3, primary) or rr rd cochran"
.         local assoc_or 1
.         local assoc_cs 1
.     }
.     if "`id'" == "XT022" local opts "smallcells(3) rowpct"
. }

. if "`id'" == "XT023" {
.     input double(row column frequency)
.     1 1 1
.     2 1 1
.     1 2 0
.     2 2 10
.     end
.     local opts "smallcells(3, primary) rowpct"
. }

. if "`id'" == "XT024" local opts "smallcells(3, primary) totalpct"

. if "`id'" == "XT027" local opts "exact digits(2) headershade zebra"

. if "`id'" == "XT028" {
.     input double(row column frequency)
.     1 1 10
.     2 1 10
.     3 1 10
.     1 2 10
.     2 2 10
.     3 2 10
.     end
.     local opts "cochran"
. }

. local destination xlsx("`out'/`id'.xlsx")

. if "`id'" == "XT025" local destination xlsx("`out'/`id'.xlsx") excel("`out'/UNSELECTED.bad")

. if "`id'" == "XT026" local destination xlsx("") excel("`out'/`id'.xlsx")

. log using "`out'/`id'_console.txt", text replace nomsg name(xt)
(file /home/tpcopeland/R-Dev/_notes/tabtools-parity-2026-10-06/wp-6a/native-xt-v2/XT022_console.txt not found)

. capture noisily crosstab row column [fw=frequency], `opts' `destination' sheet(`id') ///
>     csv("`out'/`id'.csv") markdown("`out'/`id'.md")
  +----------------------------------------------------------+
  |                                    row    1    2   Total |
  |                                      1   <3   ≥3      10 |
  |                                      2   ≥3   <3      10 |
  |                                  Total   10   10      20 |
  | Pearson's chi-squared test: Suppressed                   |
  +----------------------------------------------------------+

Counts below 3 are shown as <3; complementary cells are shown as ≥3 to prevent exact reconstruction.
CSV exported to /home/tpcopeland/R-Dev/_notes/tabtools-parity-2026-10-06/wp-6a/native-xt-v2/XT022.csv
Markdown exported to /home/tpcopeland/R-Dev/_notes/tabtools-parity-2026-10-06/wp-6a/native-xt-v2/XT022.md
Exported to /home/tpcopeland/R-Dev/_notes/tabtools-parity-2026-10-06/wp-6a/native-xt-v2/XT022.xlsx, sheet XT022

. local rc = _rc

. local nr .

. local nc .

. if !`rc' {
.     mata: golden_dump_r("`out'/`id'_stored.csv", "`id'")
.     tempname xttable
.     matrix `xttable' = r(table)
.     local nr = rowsof(`xttable')
.     local nc = colsof(`xttable')
. }

. log close xt

. tempname status

. file open `status' using "`out'/`id'_status.csv", write text replace
(file /home/tpcopeland/R-Dev/_notes/tabtools-parity-2026-10-06/wp-6a/native-xt-v2/XT022_status.csv not found)

. file write `status' "id,rc,nrow,ncol,pin" _n

. file write `status' "`id',`rc',`nr',`nc',712044f83ce6dd7bb4ca4237f3f6ffbc8aea5129" _n

. file close `status'

. if !`rc' & (`assoc_or' | `assoc_cs') {
.     egen byte xtrow = group(row)
.     egen byte xtcol = group(column)
.     replace xtrow = xtrow-1
.     replace xtcol = xtcol-1
.     tempname ci
.     file open `ci' using "`out'/`id'_association.csv", write text replace
.     file write `ci' "name,value" _n
.     if `assoc_or' {
.         quietly cc xtrow xtcol [fw=frequency], level(`level')
.         file write `ci' "or," %24.17g (r(or)) _n
.         file write `ci' "or_lo," %24.17g (r(lb_or)) _n
.         file write `ci' "or_hi," %24.17g (r(ub_or)) _n
.     }
.     if `assoc_cs' {
.         quietly cs xtrow xtcol [fw=frequency], level(`level')
.         file write `ci' "rr," %24.17g (r(rr)) _n
.         file write `ci' "rr_lo," %24.17g (r(lb_rr)) _n
.         file write `ci' "rr_hi," %24.17g (r(ub_rr)) _n
.         file write `ci' "rd," %24.17g (r(rd)) _n
.         file write `ci' "rd_lo," %24.17g (r(lb_rd)) _n
.         file write `ci' "rd_hi," %24.17g (r(ub_rd)) _n
.     }
.     file close `ci'
. }

. 
end of do-file

. /* Source authoring only. Root executes one case in an owned authenticated
>    Stata17 stage with golden_helpers.do loaded. Pin 712044f8 / tabtools2.5.1.
>    args: XT001..XT028, owned output directory. No adopath fallback/golden edits.
>    Inputs are literal and OUTSIDE loops. XT018 deliberately retains zero-only
>    categories to record the actual native boundary rather than rewrite it.
>    Root aggregates per-case status CSVs in ID order to crosstab-status.csv. */
. version 17.0

. args id out

. if !regexm("`id'", "^XT0(0[1-9]|1[0-9]|2[0-8])$") exit 198

. if `"`out'"' == "" exit 198

. set more off

. set varabbrev off

. set linesize 255

. clear

. local opts ""

. local level 95

. local assoc_or 0

. local assoc_cs 0

. 
. if inlist("`id'", "XT001", "XT002", "XT003", "XT008", "XT017", "XT018", "XT019", "XT025", "XT026") {
.     input double(row column frequency)
.     1 1 40
.     2 1 10
.     1 2 20
.     2 2 30
.     end
. }

. if "`id'" == "XT001" {
.     local opts "or rr rd"
.     local assoc_or 1
.     local assoc_cs 1
. }

. if "`id'" == "XT002" {
.     replace column = 3-column
.     local opts "rowpct or rr rd"
.     local assoc_or 1
.     local assoc_cs 1
. }

. if "`id'" == "XT003" {
.     replace row = (row-1)/10
.     replace column = (column-1)/10
.     * Stata value labels require integer codes; fractional numeric codes remain numeric.
.     local opts "label totalpct or"
.     local assoc_or 1
. }

. if "`id'" == "XT004" {
.     input double(row column frequency)
.     1 1 1
.     2 1 3
.     1 2 3
.     2 2 1
.     end
.     local opts "or"
.     local assoc_or 1
. }

. if "`id'" == "XT005" {
.     input double(row column frequency)
.     1 1 1
.     2 1 2
.     1 2 1
.     2 2 2
.     1 3 1
.     2 3 2
.     end
. }

. if inlist("`id'", "XT006", "XT027") {
.     input double(row column frequency)
.     1 1 5
.     2 1 5
.     1 2 5
.     2 2 5
.     end
. }

. if "`id'" == "XT007" {
.     input double(row column frequency)
.     1 1 1250
.     2 1 386
.     1 2 4
.     2 2 4
.     end
.     local opts "or level(90)"
.     local level 90
.     local assoc_or 1
. }

. if "`id'" == "XT008" {
.     local opts "rr rd level(90)"
.     local level 90
.     local assoc_cs 1
. }

. if inlist("`id'", "XT009", "XT015", "XT024") {
.     input double(row column frequency)
.     1 1 1
.     2 1 0
.     1 2 0
.     2 2 1
.     end
. }

. if "`id'" == "XT009" {
.     replace frequency = 2*frequency
.     local opts "or"
. }

. if inlist("`id'", "XT010", "XT011", "XT012") {
.     input double(row column frequency)
.     1 0 10
.     2 0 30
.     1 1 20
.     2 1 20
.     1 2 30
.     2 2 10
.     end
.     if "`id'" == "XT011" replace column = 1e16+2*column
.     if "`id'" == "XT012" replace column = 5 if column==2
.     local opts "cochran"
. }

. if "`id'" == "XT013" {
.     input double(row column frequency)
.     1 -1 497
.     2 -1 19
.     1 0 560
.     2 0 29
.     1 1 269
.     2 1 24
.     end
.     local opts "cochran"
. }

. if "`id'" == "XT014" {
.     input double(row column frequency)
.     1 1 5
.     2 1 3
.     1 2 2
.     2 2 7
.     1 3 4
.     2 3 6
.     end
.     local opts "trend"
. }

. if "`id'" == "XT015" local opts "trend"

. if "`id'" == "XT016" {
.     input double(row column frequency)
.     1 1 0
.     2 1 1
.     1 2 1
.     2 2 0
.     end
.     local opts "trend"
. }

. if "`id'" == "XT017" {
.     set obs 6
.     replace row = . in 5
.     replace column = 1 in 5
.     replace frequency = 7 in 5
.     replace row = .a in 6
.     replace column = 1 in 6
.     replace frequency = 3 in 6
.     local opts "missing"
. }

. if "`id'" == "XT018" {
.     set obs 5
.     replace row = 999 in 5
.     replace column = 999 in 5
.     replace frequency = 0 in 5
. }

. if "`id'" == "XT019" local opts "trend missing"

. if inlist("`id'", "XT020", "XT021", "XT022") {
.     input double(row column frequency)
.     1 1 1
.     2 1 9
.     1 2 9
.     2 2 1
.     end
.     if "`id'" == "XT020" local opts "smallcells(3) or rr rd cochran"
.     if "`id'" == "XT021" {
.         local opts "smallcells(3, primary) or rr rd cochran"
.         local assoc_or 1
.         local assoc_cs 1
.     }
.     if "`id'" == "XT022" local opts "smallcells(3) rowpct"
. }

. if "`id'" == "XT023" {
.     input double(row column frequency)

            row      column   frequency
  1.     1 1 1
  2.     2 1 1
  3.     1 2 0
  4.     2 2 10
  5.     end
.     local opts "smallcells(3, primary) rowpct"
. }

. if "`id'" == "XT024" local opts "smallcells(3, primary) totalpct"

. if "`id'" == "XT027" local opts "exact digits(2) headershade zebra"

. if "`id'" == "XT028" {
.     input double(row column frequency)
.     1 1 10
.     2 1 10
.     3 1 10
.     1 2 10
.     2 2 10
.     3 2 10
.     end
.     local opts "cochran"
. }

. local destination xlsx("`out'/`id'.xlsx")

. if "`id'" == "XT025" local destination xlsx("`out'/`id'.xlsx") excel("`out'/UNSELECTED.bad")

. if "`id'" == "XT026" local destination xlsx("") excel("`out'/`id'.xlsx")

. log using "`out'/`id'_console.txt", text replace nomsg name(xt)
(file /home/tpcopeland/R-Dev/_notes/tabtools-parity-2026-10-06/wp-6a/native-xt-v2/XT023_console.txt not found)

. capture noisily crosstab row column [fw=frequency], `opts' `destination' sheet(`id') ///
>     csv("`out'/`id'.csv") markdown("`out'/`id'.md")
  +----------------------------------------------------------+
  |                            row    1            2   Total |
  |                              1   <3            0      <3 |
  |                              2   <3   10 (90.9%)      11 |
  |                          Total   <3           10      12 |
  | Fisher's exact test: p = 0.167                           |
  +----------------------------------------------------------+

Counts from 1 to 2 are shown as <3 without a percentage (primary suppression only: no complementary cells are masked, and totals and tests are shown as computed). This protects printed counts only.
CSV exported to /home/tpcopeland/R-Dev/_notes/tabtools-parity-2026-10-06/wp-6a/native-xt-v2/XT023.csv
Markdown exported to /home/tpcopeland/R-Dev/_notes/tabtools-parity-2026-10-06/wp-6a/native-xt-v2/XT023.md
Exported to /home/tpcopeland/R-Dev/_notes/tabtools-parity-2026-10-06/wp-6a/native-xt-v2/XT023.xlsx, sheet XT023

. local rc = _rc

. local nr .

. local nc .

. if !`rc' {
.     mata: golden_dump_r("`out'/`id'_stored.csv", "`id'")
.     tempname xttable
.     matrix `xttable' = r(table)
.     local nr = rowsof(`xttable')
.     local nc = colsof(`xttable')
. }

. log close xt

. tempname status

. file open `status' using "`out'/`id'_status.csv", write text replace
(file /home/tpcopeland/R-Dev/_notes/tabtools-parity-2026-10-06/wp-6a/native-xt-v2/XT023_status.csv not found)

. file write `status' "id,rc,nrow,ncol,pin" _n

. file write `status' "`id',`rc',`nr',`nc',712044f83ce6dd7bb4ca4237f3f6ffbc8aea5129" _n

. file close `status'

. if !`rc' & (`assoc_or' | `assoc_cs') {
.     egen byte xtrow = group(row)
.     egen byte xtcol = group(column)
.     replace xtrow = xtrow-1
.     replace xtcol = xtcol-1
.     tempname ci
.     file open `ci' using "`out'/`id'_association.csv", write text replace
.     file write `ci' "name,value" _n
.     if `assoc_or' {
.         quietly cc xtrow xtcol [fw=frequency], level(`level')
.         file write `ci' "or," %24.17g (r(or)) _n
.         file write `ci' "or_lo," %24.17g (r(lb_or)) _n
.         file write `ci' "or_hi," %24.17g (r(ub_or)) _n
.     }
.     if `assoc_cs' {
.         quietly cs xtrow xtcol [fw=frequency], level(`level')
.         file write `ci' "rr," %24.17g (r(rr)) _n
.         file write `ci' "rr_lo," %24.17g (r(lb_rr)) _n
.         file write `ci' "rr_hi," %24.17g (r(ub_rr)) _n
.         file write `ci' "rd," %24.17g (r(rd)) _n
.         file write `ci' "rd_lo," %24.17g (r(lb_rd)) _n
.         file write `ci' "rd_hi," %24.17g (r(ub_rd)) _n
.     }
.     file close `ci'
. }

. 
end of do-file

. /* Source authoring only. Root executes one case in an owned authenticated
>    Stata17 stage with golden_helpers.do loaded. Pin 712044f8 / tabtools2.5.1.
>    args: XT001..XT028, owned output directory. No adopath fallback/golden edits.
>    Inputs are literal and OUTSIDE loops. XT018 deliberately retains zero-only
>    categories to record the actual native boundary rather than rewrite it.
>    Root aggregates per-case status CSVs in ID order to crosstab-status.csv. */
. version 17.0

. args id out

. if !regexm("`id'", "^XT0(0[1-9]|1[0-9]|2[0-8])$") exit 198

. if `"`out'"' == "" exit 198

. set more off

. set varabbrev off

. set linesize 255

. clear

. local opts ""

. local level 95

. local assoc_or 0

. local assoc_cs 0

. 
. if inlist("`id'", "XT001", "XT002", "XT003", "XT008", "XT017", "XT018", "XT019", "XT025", "XT026") {
.     input double(row column frequency)
.     1 1 40
.     2 1 10
.     1 2 20
.     2 2 30
.     end
. }

. if "`id'" == "XT001" {
.     local opts "or rr rd"
.     local assoc_or 1
.     local assoc_cs 1
. }

. if "`id'" == "XT002" {
.     replace column = 3-column
.     local opts "rowpct or rr rd"
.     local assoc_or 1
.     local assoc_cs 1
. }

. if "`id'" == "XT003" {
.     replace row = (row-1)/10
.     replace column = (column-1)/10
.     * Stata value labels require integer codes; fractional numeric codes remain numeric.
.     local opts "label totalpct or"
.     local assoc_or 1
. }

. if "`id'" == "XT004" {
.     input double(row column frequency)
.     1 1 1
.     2 1 3
.     1 2 3
.     2 2 1
.     end
.     local opts "or"
.     local assoc_or 1
. }

. if "`id'" == "XT005" {
.     input double(row column frequency)
.     1 1 1
.     2 1 2
.     1 2 1
.     2 2 2
.     1 3 1
.     2 3 2
.     end
. }

. if inlist("`id'", "XT006", "XT027") {
.     input double(row column frequency)
.     1 1 5
.     2 1 5
.     1 2 5
.     2 2 5
.     end
. }

. if "`id'" == "XT007" {
.     input double(row column frequency)
.     1 1 1250
.     2 1 386
.     1 2 4
.     2 2 4
.     end
.     local opts "or level(90)"
.     local level 90
.     local assoc_or 1
. }

. if "`id'" == "XT008" {
.     local opts "rr rd level(90)"
.     local level 90
.     local assoc_cs 1
. }

. if inlist("`id'", "XT009", "XT015", "XT024") {
.     input double(row column frequency)

            row      column   frequency
  1.     1 1 1
  2.     2 1 0
  3.     1 2 0
  4.     2 2 1
  5.     end
. }

. if "`id'" == "XT009" {
.     replace frequency = 2*frequency
.     local opts "or"
. }

. if inlist("`id'", "XT010", "XT011", "XT012") {
.     input double(row column frequency)
.     1 0 10
.     2 0 30
.     1 1 20
.     2 1 20
.     1 2 30
.     2 2 10
.     end
.     if "`id'" == "XT011" replace column = 1e16+2*column
.     if "`id'" == "XT012" replace column = 5 if column==2
.     local opts "cochran"
. }

. if "`id'" == "XT013" {
.     input double(row column frequency)
.     1 -1 497
.     2 -1 19
.     1 0 560
.     2 0 29
.     1 1 269
.     2 1 24
.     end
.     local opts "cochran"
. }

. if "`id'" == "XT014" {
.     input double(row column frequency)
.     1 1 5
.     2 1 3
.     1 2 2
.     2 2 7
.     1 3 4
.     2 3 6
.     end
.     local opts "trend"
. }

. if "`id'" == "XT015" local opts "trend"

. if "`id'" == "XT016" {
.     input double(row column frequency)
.     1 1 0
.     2 1 1
.     1 2 1
.     2 2 0
.     end
.     local opts "trend"
. }

. if "`id'" == "XT017" {
.     set obs 6
.     replace row = . in 5
.     replace column = 1 in 5
.     replace frequency = 7 in 5
.     replace row = .a in 6
.     replace column = 1 in 6
.     replace frequency = 3 in 6
.     local opts "missing"
. }

. if "`id'" == "XT018" {
.     set obs 5
.     replace row = 999 in 5
.     replace column = 999 in 5
.     replace frequency = 0 in 5
. }

. if "`id'" == "XT019" local opts "trend missing"

. if inlist("`id'", "XT020", "XT021", "XT022") {
.     input double(row column frequency)
.     1 1 1
.     2 1 9
.     1 2 9
.     2 2 1
.     end
.     if "`id'" == "XT020" local opts "smallcells(3) or rr rd cochran"
.     if "`id'" == "XT021" {
.         local opts "smallcells(3, primary) or rr rd cochran"
.         local assoc_or 1
.         local assoc_cs 1
.     }
.     if "`id'" == "XT022" local opts "smallcells(3) rowpct"
. }

. if "`id'" == "XT023" {
.     input double(row column frequency)
.     1 1 1
.     2 1 1
.     1 2 0
.     2 2 10
.     end
.     local opts "smallcells(3, primary) rowpct"
. }

. if "`id'" == "XT024" local opts "smallcells(3, primary) totalpct"

. if "`id'" == "XT027" local opts "exact digits(2) headershade zebra"

. if "`id'" == "XT028" {
.     input double(row column frequency)
.     1 1 10
.     2 1 10
.     3 1 10
.     1 2 10
.     2 2 10
.     3 2 10
.     end
.     local opts "cochran"
. }

. local destination xlsx("`out'/`id'.xlsx")

. if "`id'" == "XT025" local destination xlsx("`out'/`id'.xlsx") excel("`out'/UNSELECTED.bad")

. if "`id'" == "XT026" local destination xlsx("") excel("`out'/`id'.xlsx")

. log using "`out'/`id'_console.txt", text replace nomsg name(xt)
(file /home/tpcopeland/R-Dev/_notes/tabtools-parity-2026-10-06/wp-6a/native-xt-v2/XT024_console.txt not found)

. capture noisily crosstab row column [fw=frequency], `opts' `destination' sheet(`id') ///
>     csv("`out'/`id'.csv") markdown("`out'/`id'.md")
  +--------------------------------------------------+
  |                            row    1    2   Total |
  |                              1   <3    0      <3 |
  |                              2    0   <3      <3 |
  |                          Total   <3   <3      <3 |
  | Fisher's exact test: p = 1.000                   |
  +--------------------------------------------------+

Counts from 1 to 2 are shown as <3 without a percentage (primary suppression only: no complementary cells are masked, and totals and tests are shown as computed). This protects printed counts only.
CSV exported to /home/tpcopeland/R-Dev/_notes/tabtools-parity-2026-10-06/wp-6a/native-xt-v2/XT024.csv
Markdown exported to /home/tpcopeland/R-Dev/_notes/tabtools-parity-2026-10-06/wp-6a/native-xt-v2/XT024.md
Exported to /home/tpcopeland/R-Dev/_notes/tabtools-parity-2026-10-06/wp-6a/native-xt-v2/XT024.xlsx, sheet XT024

. local rc = _rc

. local nr .

. local nc .

. if !`rc' {
.     mata: golden_dump_r("`out'/`id'_stored.csv", "`id'")
.     tempname xttable
.     matrix `xttable' = r(table)
.     local nr = rowsof(`xttable')
.     local nc = colsof(`xttable')
. }

. log close xt

. tempname status

. file open `status' using "`out'/`id'_status.csv", write text replace
(file /home/tpcopeland/R-Dev/_notes/tabtools-parity-2026-10-06/wp-6a/native-xt-v2/XT024_status.csv not found)

. file write `status' "id,rc,nrow,ncol,pin" _n

. file write `status' "`id',`rc',`nr',`nc',712044f83ce6dd7bb4ca4237f3f6ffbc8aea5129" _n

. file close `status'

. if !`rc' & (`assoc_or' | `assoc_cs') {
.     egen byte xtrow = group(row)
.     egen byte xtcol = group(column)
.     replace xtrow = xtrow-1
.     replace xtcol = xtcol-1
.     tempname ci
.     file open `ci' using "`out'/`id'_association.csv", write text replace
.     file write `ci' "name,value" _n
.     if `assoc_or' {
.         quietly cc xtrow xtcol [fw=frequency], level(`level')
.         file write `ci' "or," %24.17g (r(or)) _n
.         file write `ci' "or_lo," %24.17g (r(lb_or)) _n
.         file write `ci' "or_hi," %24.17g (r(ub_or)) _n
.     }
.     if `assoc_cs' {
.         quietly cs xtrow xtcol [fw=frequency], level(`level')
.         file write `ci' "rr," %24.17g (r(rr)) _n
.         file write `ci' "rr_lo," %24.17g (r(lb_rr)) _n
.         file write `ci' "rr_hi," %24.17g (r(ub_rr)) _n
.         file write `ci' "rd," %24.17g (r(rd)) _n
.         file write `ci' "rd_lo," %24.17g (r(lb_rd)) _n
.         file write `ci' "rd_hi," %24.17g (r(ub_rd)) _n
.     }
.     file close `ci'
. }

. 
end of do-file

. /* Source authoring only. Root executes one case in an owned authenticated
>    Stata17 stage with golden_helpers.do loaded. Pin 712044f8 / tabtools2.5.1.
>    args: XT001..XT028, owned output directory. No adopath fallback/golden edits.
>    Inputs are literal and OUTSIDE loops. XT018 deliberately retains zero-only
>    categories to record the actual native boundary rather than rewrite it.
>    Root aggregates per-case status CSVs in ID order to crosstab-status.csv. */
. version 17.0

. args id out

. if !regexm("`id'", "^XT0(0[1-9]|1[0-9]|2[0-8])$") exit 198

. if `"`out'"' == "" exit 198

. set more off

. set varabbrev off

. set linesize 255

. clear

. local opts ""

. local level 95

. local assoc_or 0

. local assoc_cs 0

. 
. if inlist("`id'", "XT001", "XT002", "XT003", "XT008", "XT017", "XT018", "XT019", "XT025", "XT026") {
.     input double(row column frequency)

            row      column   frequency
  1.     1 1 40
  2.     2 1 10
  3.     1 2 20
  4.     2 2 30
  5.     end
. }

. if "`id'" == "XT001" {
.     local opts "or rr rd"
.     local assoc_or 1
.     local assoc_cs 1
. }

. if "`id'" == "XT002" {
.     replace column = 3-column
.     local opts "rowpct or rr rd"
.     local assoc_or 1
.     local assoc_cs 1
. }

. if "`id'" == "XT003" {
.     replace row = (row-1)/10
.     replace column = (column-1)/10
.     * Stata value labels require integer codes; fractional numeric codes remain numeric.
.     local opts "label totalpct or"
.     local assoc_or 1
. }

. if "`id'" == "XT004" {
.     input double(row column frequency)
.     1 1 1
.     2 1 3
.     1 2 3
.     2 2 1
.     end
.     local opts "or"
.     local assoc_or 1
. }

. if "`id'" == "XT005" {
.     input double(row column frequency)
.     1 1 1
.     2 1 2
.     1 2 1
.     2 2 2
.     1 3 1
.     2 3 2
.     end
. }

. if inlist("`id'", "XT006", "XT027") {
.     input double(row column frequency)
.     1 1 5
.     2 1 5
.     1 2 5
.     2 2 5
.     end
. }

. if "`id'" == "XT007" {
.     input double(row column frequency)
.     1 1 1250
.     2 1 386
.     1 2 4
.     2 2 4
.     end
.     local opts "or level(90)"
.     local level 90
.     local assoc_or 1
. }

. if "`id'" == "XT008" {
.     local opts "rr rd level(90)"
.     local level 90
.     local assoc_cs 1
. }

. if inlist("`id'", "XT009", "XT015", "XT024") {
.     input double(row column frequency)
.     1 1 1
.     2 1 0
.     1 2 0
.     2 2 1
.     end
. }

. if "`id'" == "XT009" {
.     replace frequency = 2*frequency
.     local opts "or"
. }

. if inlist("`id'", "XT010", "XT011", "XT012") {
.     input double(row column frequency)
.     1 0 10
.     2 0 30
.     1 1 20
.     2 1 20
.     1 2 30
.     2 2 10
.     end
.     if "`id'" == "XT011" replace column = 1e16+2*column
.     if "`id'" == "XT012" replace column = 5 if column==2
.     local opts "cochran"
. }

. if "`id'" == "XT013" {
.     input double(row column frequency)
.     1 -1 497
.     2 -1 19
.     1 0 560
.     2 0 29
.     1 1 269
.     2 1 24
.     end
.     local opts "cochran"
. }

. if "`id'" == "XT014" {
.     input double(row column frequency)
.     1 1 5
.     2 1 3
.     1 2 2
.     2 2 7
.     1 3 4
.     2 3 6
.     end
.     local opts "trend"
. }

. if "`id'" == "XT015" local opts "trend"

. if "`id'" == "XT016" {
.     input double(row column frequency)
.     1 1 0
.     2 1 1
.     1 2 1
.     2 2 0
.     end
.     local opts "trend"
. }

. if "`id'" == "XT017" {
.     set obs 6
.     replace row = . in 5
.     replace column = 1 in 5
.     replace frequency = 7 in 5
.     replace row = .a in 6
.     replace column = 1 in 6
.     replace frequency = 3 in 6
.     local opts "missing"
. }

. if "`id'" == "XT018" {
.     set obs 5
.     replace row = 999 in 5
.     replace column = 999 in 5
.     replace frequency = 0 in 5
. }

. if "`id'" == "XT019" local opts "trend missing"

. if inlist("`id'", "XT020", "XT021", "XT022") {
.     input double(row column frequency)
.     1 1 1
.     2 1 9
.     1 2 9
.     2 2 1
.     end
.     if "`id'" == "XT020" local opts "smallcells(3) or rr rd cochran"
.     if "`id'" == "XT021" {
.         local opts "smallcells(3, primary) or rr rd cochran"
.         local assoc_or 1
.         local assoc_cs 1
.     }
.     if "`id'" == "XT022" local opts "smallcells(3) rowpct"
. }

. if "`id'" == "XT023" {
.     input double(row column frequency)
.     1 1 1
.     2 1 1
.     1 2 0
.     2 2 10
.     end
.     local opts "smallcells(3, primary) rowpct"
. }

. if "`id'" == "XT024" local opts "smallcells(3, primary) totalpct"

. if "`id'" == "XT027" local opts "exact digits(2) headershade zebra"

. if "`id'" == "XT028" {
.     input double(row column frequency)
.     1 1 10
.     2 1 10
.     3 1 10
.     1 2 10
.     2 2 10
.     3 2 10
.     end
.     local opts "cochran"
. }

. local destination xlsx("`out'/`id'.xlsx")

. if "`id'" == "XT025" local destination xlsx("`out'/`id'.xlsx") excel("`out'/UNSELECTED.bad")

. if "`id'" == "XT026" local destination xlsx("") excel("`out'/`id'.xlsx")

. log using "`out'/`id'_console.txt", text replace nomsg name(xt)
(file /home/tpcopeland/R-Dev/_notes/tabtools-parity-2026-10-06/wp-6a/native-xt-v2/XT025_console.txt not found)

. capture noisily crosstab row column [fw=frequency], `opts' `destination' sheet(`id') ///
>     csv("`out'/`id'.csv") markdown("`out'/`id'.md")
  +---------------------------------------------------------------------------------------+
  |                                                 row            1            2   Total |
  |                                                   1   40 (80.0%)   20 (40.0%)      60 |
  |                                                   2   10 (20.0%)   30 (60.0%)      40 |
  |                                               Total           50           50     100 |
  | Pearson's chi-squared test: chi2 = 16.67, p < 0.001                                   |
  +---------------------------------------------------------------------------------------+

CSV exported to /home/tpcopeland/R-Dev/_notes/tabtools-parity-2026-10-06/wp-6a/native-xt-v2/XT025.csv
Markdown exported to /home/tpcopeland/R-Dev/_notes/tabtools-parity-2026-10-06/wp-6a/native-xt-v2/XT025.md
Exported to /home/tpcopeland/R-Dev/_notes/tabtools-parity-2026-10-06/wp-6a/native-xt-v2/XT025.xlsx, sheet XT025

. local rc = _rc

. local nr .

. local nc .

. if !`rc' {
.     mata: golden_dump_r("`out'/`id'_stored.csv", "`id'")
.     tempname xttable
.     matrix `xttable' = r(table)
.     local nr = rowsof(`xttable')
.     local nc = colsof(`xttable')
. }

. log close xt

. tempname status

. file open `status' using "`out'/`id'_status.csv", write text replace
(file /home/tpcopeland/R-Dev/_notes/tabtools-parity-2026-10-06/wp-6a/native-xt-v2/XT025_status.csv not found)

. file write `status' "id,rc,nrow,ncol,pin" _n

. file write `status' "`id',`rc',`nr',`nc',712044f83ce6dd7bb4ca4237f3f6ffbc8aea5129" _n

. file close `status'

. if !`rc' & (`assoc_or' | `assoc_cs') {
.     egen byte xtrow = group(row)
.     egen byte xtcol = group(column)
.     replace xtrow = xtrow-1
.     replace xtcol = xtcol-1
.     tempname ci
.     file open `ci' using "`out'/`id'_association.csv", write text replace
.     file write `ci' "name,value" _n
.     if `assoc_or' {
.         quietly cc xtrow xtcol [fw=frequency], level(`level')
.         file write `ci' "or," %24.17g (r(or)) _n
.         file write `ci' "or_lo," %24.17g (r(lb_or)) _n
.         file write `ci' "or_hi," %24.17g (r(ub_or)) _n
.     }
.     if `assoc_cs' {
.         quietly cs xtrow xtcol [fw=frequency], level(`level')
.         file write `ci' "rr," %24.17g (r(rr)) _n
.         file write `ci' "rr_lo," %24.17g (r(lb_rr)) _n
.         file write `ci' "rr_hi," %24.17g (r(ub_rr)) _n
.         file write `ci' "rd," %24.17g (r(rd)) _n
.         file write `ci' "rd_lo," %24.17g (r(lb_rd)) _n
.         file write `ci' "rd_hi," %24.17g (r(ub_rd)) _n
.     }
.     file close `ci'
. }

. 
end of do-file

. /* Source authoring only. Root executes one case in an owned authenticated
>    Stata17 stage with golden_helpers.do loaded. Pin 712044f8 / tabtools2.5.1.
>    args: XT001..XT028, owned output directory. No adopath fallback/golden edits.
>    Inputs are literal and OUTSIDE loops. XT018 deliberately retains zero-only
>    categories to record the actual native boundary rather than rewrite it.
>    Root aggregates per-case status CSVs in ID order to crosstab-status.csv. */
. version 17.0

. args id out

. if !regexm("`id'", "^XT0(0[1-9]|1[0-9]|2[0-8])$") exit 198

. if `"`out'"' == "" exit 198

. set more off

. set varabbrev off

. set linesize 255

. clear

. local opts ""

. local level 95

. local assoc_or 0

. local assoc_cs 0

. 
. if inlist("`id'", "XT001", "XT002", "XT003", "XT008", "XT017", "XT018", "XT019", "XT025", "XT026") {
.     input double(row column frequency)

            row      column   frequency
  1.     1 1 40
  2.     2 1 10
  3.     1 2 20
  4.     2 2 30
  5.     end
. }

. if "`id'" == "XT001" {
.     local opts "or rr rd"
.     local assoc_or 1
.     local assoc_cs 1
. }

. if "`id'" == "XT002" {
.     replace column = 3-column
.     local opts "rowpct or rr rd"
.     local assoc_or 1
.     local assoc_cs 1
. }

. if "`id'" == "XT003" {
.     replace row = (row-1)/10
.     replace column = (column-1)/10
.     * Stata value labels require integer codes; fractional numeric codes remain numeric.
.     local opts "label totalpct or"
.     local assoc_or 1
. }

. if "`id'" == "XT004" {
.     input double(row column frequency)
.     1 1 1
.     2 1 3
.     1 2 3
.     2 2 1
.     end
.     local opts "or"
.     local assoc_or 1
. }

. if "`id'" == "XT005" {
.     input double(row column frequency)
.     1 1 1
.     2 1 2
.     1 2 1
.     2 2 2
.     1 3 1
.     2 3 2
.     end
. }

. if inlist("`id'", "XT006", "XT027") {
.     input double(row column frequency)
.     1 1 5
.     2 1 5
.     1 2 5
.     2 2 5
.     end
. }

. if "`id'" == "XT007" {
.     input double(row column frequency)
.     1 1 1250
.     2 1 386
.     1 2 4
.     2 2 4
.     end
.     local opts "or level(90)"
.     local level 90
.     local assoc_or 1
. }

. if "`id'" == "XT008" {
.     local opts "rr rd level(90)"
.     local level 90
.     local assoc_cs 1
. }

. if inlist("`id'", "XT009", "XT015", "XT024") {
.     input double(row column frequency)
.     1 1 1
.     2 1 0
.     1 2 0
.     2 2 1
.     end
. }

. if "`id'" == "XT009" {
.     replace frequency = 2*frequency
.     local opts "or"
. }

. if inlist("`id'", "XT010", "XT011", "XT012") {
.     input double(row column frequency)
.     1 0 10
.     2 0 30
.     1 1 20
.     2 1 20
.     1 2 30
.     2 2 10
.     end
.     if "`id'" == "XT011" replace column = 1e16+2*column
.     if "`id'" == "XT012" replace column = 5 if column==2
.     local opts "cochran"
. }

. if "`id'" == "XT013" {
.     input double(row column frequency)
.     1 -1 497
.     2 -1 19
.     1 0 560
.     2 0 29
.     1 1 269
.     2 1 24
.     end
.     local opts "cochran"
. }

. if "`id'" == "XT014" {
.     input double(row column frequency)
.     1 1 5
.     2 1 3
.     1 2 2
.     2 2 7
.     1 3 4
.     2 3 6
.     end
.     local opts "trend"
. }

. if "`id'" == "XT015" local opts "trend"

. if "`id'" == "XT016" {
.     input double(row column frequency)
.     1 1 0
.     2 1 1
.     1 2 1
.     2 2 0
.     end
.     local opts "trend"
. }

. if "`id'" == "XT017" {
.     set obs 6
.     replace row = . in 5
.     replace column = 1 in 5
.     replace frequency = 7 in 5
.     replace row = .a in 6
.     replace column = 1 in 6
.     replace frequency = 3 in 6
.     local opts "missing"
. }

. if "`id'" == "XT018" {
.     set obs 5
.     replace row = 999 in 5
.     replace column = 999 in 5
.     replace frequency = 0 in 5
. }

. if "`id'" == "XT019" local opts "trend missing"

. if inlist("`id'", "XT020", "XT021", "XT022") {
.     input double(row column frequency)
.     1 1 1
.     2 1 9
.     1 2 9
.     2 2 1
.     end
.     if "`id'" == "XT020" local opts "smallcells(3) or rr rd cochran"
.     if "`id'" == "XT021" {
.         local opts "smallcells(3, primary) or rr rd cochran"
.         local assoc_or 1
.         local assoc_cs 1
.     }
.     if "`id'" == "XT022" local opts "smallcells(3) rowpct"
. }

. if "`id'" == "XT023" {
.     input double(row column frequency)
.     1 1 1
.     2 1 1
.     1 2 0
.     2 2 10
.     end
.     local opts "smallcells(3, primary) rowpct"
. }

. if "`id'" == "XT024" local opts "smallcells(3, primary) totalpct"

. if "`id'" == "XT027" local opts "exact digits(2) headershade zebra"

. if "`id'" == "XT028" {
.     input double(row column frequency)
.     1 1 10
.     2 1 10
.     3 1 10
.     1 2 10
.     2 2 10
.     3 2 10
.     end
.     local opts "cochran"
. }

. local destination xlsx("`out'/`id'.xlsx")

. if "`id'" == "XT025" local destination xlsx("`out'/`id'.xlsx") excel("`out'/UNSELECTED.bad")

. if "`id'" == "XT026" local destination xlsx("") excel("`out'/`id'.xlsx")

. log using "`out'/`id'_console.txt", text replace nomsg name(xt)
(file /home/tpcopeland/R-Dev/_notes/tabtools-parity-2026-10-06/wp-6a/native-xt-v2/XT026_console.txt not found)

. capture noisily crosstab row column [fw=frequency], `opts' `destination' sheet(`id') ///
>     csv("`out'/`id'.csv") markdown("`out'/`id'.md")
  +---------------------------------------------------------------------------------------+
  |                                                 row            1            2   Total |
  |                                                   1   40 (80.0%)   20 (40.0%)      60 |
  |                                                   2   10 (20.0%)   30 (60.0%)      40 |
  |                                               Total           50           50     100 |
  | Pearson's chi-squared test: chi2 = 16.67, p < 0.001                                   |
  +---------------------------------------------------------------------------------------+

CSV exported to /home/tpcopeland/R-Dev/_notes/tabtools-parity-2026-10-06/wp-6a/native-xt-v2/XT026.csv
Markdown exported to /home/tpcopeland/R-Dev/_notes/tabtools-parity-2026-10-06/wp-6a/native-xt-v2/XT026.md
Exported to /home/tpcopeland/R-Dev/_notes/tabtools-parity-2026-10-06/wp-6a/native-xt-v2/XT026.xlsx, sheet XT026

. local rc = _rc

. local nr .

. local nc .

. if !`rc' {
.     mata: golden_dump_r("`out'/`id'_stored.csv", "`id'")
.     tempname xttable
.     matrix `xttable' = r(table)
.     local nr = rowsof(`xttable')
.     local nc = colsof(`xttable')
. }

. log close xt

. tempname status

. file open `status' using "`out'/`id'_status.csv", write text replace
(file /home/tpcopeland/R-Dev/_notes/tabtools-parity-2026-10-06/wp-6a/native-xt-v2/XT026_status.csv not found)

. file write `status' "id,rc,nrow,ncol,pin" _n

. file write `status' "`id',`rc',`nr',`nc',712044f83ce6dd7bb4ca4237f3f6ffbc8aea5129" _n

. file close `status'

. if !`rc' & (`assoc_or' | `assoc_cs') {
.     egen byte xtrow = group(row)
.     egen byte xtcol = group(column)
.     replace xtrow = xtrow-1
.     replace xtcol = xtcol-1
.     tempname ci
.     file open `ci' using "`out'/`id'_association.csv", write text replace
.     file write `ci' "name,value" _n
.     if `assoc_or' {
.         quietly cc xtrow xtcol [fw=frequency], level(`level')
.         file write `ci' "or," %24.17g (r(or)) _n
.         file write `ci' "or_lo," %24.17g (r(lb_or)) _n
.         file write `ci' "or_hi," %24.17g (r(ub_or)) _n
.     }
.     if `assoc_cs' {
.         quietly cs xtrow xtcol [fw=frequency], level(`level')
.         file write `ci' "rr," %24.17g (r(rr)) _n
.         file write `ci' "rr_lo," %24.17g (r(lb_rr)) _n
.         file write `ci' "rr_hi," %24.17g (r(ub_rr)) _n
.         file write `ci' "rd," %24.17g (r(rd)) _n
.         file write `ci' "rd_lo," %24.17g (r(lb_rd)) _n
.         file write `ci' "rd_hi," %24.17g (r(ub_rd)) _n
.     }
.     file close `ci'
. }

. 
end of do-file

. /* Source authoring only. Root executes one case in an owned authenticated
>    Stata17 stage with golden_helpers.do loaded. Pin 712044f8 / tabtools2.5.1.
>    args: XT001..XT028, owned output directory. No adopath fallback/golden edits.
>    Inputs are literal and OUTSIDE loops. XT018 deliberately retains zero-only
>    categories to record the actual native boundary rather than rewrite it.
>    Root aggregates per-case status CSVs in ID order to crosstab-status.csv. */
. version 17.0

. args id out

. if !regexm("`id'", "^XT0(0[1-9]|1[0-9]|2[0-8])$") exit 198

. if `"`out'"' == "" exit 198

. set more off

. set varabbrev off

. set linesize 255

. clear

. local opts ""

. local level 95

. local assoc_or 0

. local assoc_cs 0

. 
. if inlist("`id'", "XT001", "XT002", "XT003", "XT008", "XT017", "XT018", "XT019", "XT025", "XT026") {
.     input double(row column frequency)
.     1 1 40
.     2 1 10
.     1 2 20
.     2 2 30
.     end
. }

. if "`id'" == "XT001" {
.     local opts "or rr rd"
.     local assoc_or 1
.     local assoc_cs 1
. }

. if "`id'" == "XT002" {
.     replace column = 3-column
.     local opts "rowpct or rr rd"
.     local assoc_or 1
.     local assoc_cs 1
. }

. if "`id'" == "XT003" {
.     replace row = (row-1)/10
.     replace column = (column-1)/10
.     * Stata value labels require integer codes; fractional numeric codes remain numeric.
.     local opts "label totalpct or"
.     local assoc_or 1
. }

. if "`id'" == "XT004" {
.     input double(row column frequency)
.     1 1 1
.     2 1 3
.     1 2 3
.     2 2 1
.     end
.     local opts "or"
.     local assoc_or 1
. }

. if "`id'" == "XT005" {
.     input double(row column frequency)
.     1 1 1
.     2 1 2
.     1 2 1
.     2 2 2
.     1 3 1
.     2 3 2
.     end
. }

. if inlist("`id'", "XT006", "XT027") {
.     input double(row column frequency)

            row      column   frequency
  1.     1 1 5
  2.     2 1 5
  3.     1 2 5
  4.     2 2 5
  5.     end
. }

. if "`id'" == "XT007" {
.     input double(row column frequency)
.     1 1 1250
.     2 1 386
.     1 2 4
.     2 2 4
.     end
.     local opts "or level(90)"
.     local level 90
.     local assoc_or 1
. }

. if "`id'" == "XT008" {
.     local opts "rr rd level(90)"
.     local level 90
.     local assoc_cs 1
. }

. if inlist("`id'", "XT009", "XT015", "XT024") {
.     input double(row column frequency)
.     1 1 1
.     2 1 0
.     1 2 0
.     2 2 1
.     end
. }

. if "`id'" == "XT009" {
.     replace frequency = 2*frequency
.     local opts "or"
. }

. if inlist("`id'", "XT010", "XT011", "XT012") {
.     input double(row column frequency)
.     1 0 10
.     2 0 30
.     1 1 20
.     2 1 20
.     1 2 30
.     2 2 10
.     end
.     if "`id'" == "XT011" replace column = 1e16+2*column
.     if "`id'" == "XT012" replace column = 5 if column==2
.     local opts "cochran"
. }

. if "`id'" == "XT013" {
.     input double(row column frequency)
.     1 -1 497
.     2 -1 19
.     1 0 560
.     2 0 29
.     1 1 269
.     2 1 24
.     end
.     local opts "cochran"
. }

. if "`id'" == "XT014" {
.     input double(row column frequency)
.     1 1 5
.     2 1 3
.     1 2 2
.     2 2 7
.     1 3 4
.     2 3 6
.     end
.     local opts "trend"
. }

. if "`id'" == "XT015" local opts "trend"

. if "`id'" == "XT016" {
.     input double(row column frequency)
.     1 1 0
.     2 1 1
.     1 2 1
.     2 2 0
.     end
.     local opts "trend"
. }

. if "`id'" == "XT017" {
.     set obs 6
.     replace row = . in 5
.     replace column = 1 in 5
.     replace frequency = 7 in 5
.     replace row = .a in 6
.     replace column = 1 in 6
.     replace frequency = 3 in 6
.     local opts "missing"
. }

. if "`id'" == "XT018" {
.     set obs 5
.     replace row = 999 in 5
.     replace column = 999 in 5
.     replace frequency = 0 in 5
. }

. if "`id'" == "XT019" local opts "trend missing"

. if inlist("`id'", "XT020", "XT021", "XT022") {
.     input double(row column frequency)
.     1 1 1
.     2 1 9
.     1 2 9
.     2 2 1
.     end
.     if "`id'" == "XT020" local opts "smallcells(3) or rr rd cochran"
.     if "`id'" == "XT021" {
.         local opts "smallcells(3, primary) or rr rd cochran"
.         local assoc_or 1
.         local assoc_cs 1
.     }
.     if "`id'" == "XT022" local opts "smallcells(3) rowpct"
. }

. if "`id'" == "XT023" {
.     input double(row column frequency)
.     1 1 1
.     2 1 1
.     1 2 0
.     2 2 10
.     end
.     local opts "smallcells(3, primary) rowpct"
. }

. if "`id'" == "XT024" local opts "smallcells(3, primary) totalpct"

. if "`id'" == "XT027" local opts "exact digits(2) headershade zebra"

. if "`id'" == "XT028" {
.     input double(row column frequency)
.     1 1 10
.     2 1 10
.     3 1 10
.     1 2 10
.     2 2 10
.     3 2 10
.     end
.     local opts "cochran"
. }

. local destination xlsx("`out'/`id'.xlsx")

. if "`id'" == "XT025" local destination xlsx("`out'/`id'.xlsx") excel("`out'/UNSELECTED.bad")

. if "`id'" == "XT026" local destination xlsx("") excel("`out'/`id'.xlsx")

. log using "`out'/`id'_console.txt", text replace nomsg name(xt)
(file /home/tpcopeland/R-Dev/_notes/tabtools-parity-2026-10-06/wp-6a/native-xt-v2/XT027_console.txt not found)

. capture noisily crosstab row column [fw=frequency], `opts' `destination' sheet(`id') ///
>     csv("`out'/`id'.csv") markdown("`out'/`id'.md")
  +------------------------------------------------------------------+
  |                            row            1            2   Total |
  |                              1   5 (50.00%)   5 (50.00%)      10 |
  |                              2   5 (50.00%)   5 (50.00%)      10 |
  |                          Total           10           10      20 |
  | Fisher's exact test: p = 1.000                                   |
  +------------------------------------------------------------------+

CSV exported to /home/tpcopeland/R-Dev/_notes/tabtools-parity-2026-10-06/wp-6a/native-xt-v2/XT027.csv
Markdown exported to /home/tpcopeland/R-Dev/_notes/tabtools-parity-2026-10-06/wp-6a/native-xt-v2/XT027.md
Exported to /home/tpcopeland/R-Dev/_notes/tabtools-parity-2026-10-06/wp-6a/native-xt-v2/XT027.xlsx, sheet XT027

. local rc = _rc

. local nr .

. local nc .

. if !`rc' {
.     mata: golden_dump_r("`out'/`id'_stored.csv", "`id'")
.     tempname xttable
.     matrix `xttable' = r(table)
.     local nr = rowsof(`xttable')
.     local nc = colsof(`xttable')
. }

. log close xt

. tempname status

. file open `status' using "`out'/`id'_status.csv", write text replace
(file /home/tpcopeland/R-Dev/_notes/tabtools-parity-2026-10-06/wp-6a/native-xt-v2/XT027_status.csv not found)

. file write `status' "id,rc,nrow,ncol,pin" _n

. file write `status' "`id',`rc',`nr',`nc',712044f83ce6dd7bb4ca4237f3f6ffbc8aea5129" _n

. file close `status'

. if !`rc' & (`assoc_or' | `assoc_cs') {
.     egen byte xtrow = group(row)
.     egen byte xtcol = group(column)
.     replace xtrow = xtrow-1
.     replace xtcol = xtcol-1
.     tempname ci
.     file open `ci' using "`out'/`id'_association.csv", write text replace
.     file write `ci' "name,value" _n
.     if `assoc_or' {
.         quietly cc xtrow xtcol [fw=frequency], level(`level')
.         file write `ci' "or," %24.17g (r(or)) _n
.         file write `ci' "or_lo," %24.17g (r(lb_or)) _n
.         file write `ci' "or_hi," %24.17g (r(ub_or)) _n
.     }
.     if `assoc_cs' {
.         quietly cs xtrow xtcol [fw=frequency], level(`level')
.         file write `ci' "rr," %24.17g (r(rr)) _n
.         file write `ci' "rr_lo," %24.17g (r(lb_rr)) _n
.         file write `ci' "rr_hi," %24.17g (r(ub_rr)) _n
.         file write `ci' "rd," %24.17g (r(rd)) _n
.         file write `ci' "rd_lo," %24.17g (r(lb_rd)) _n
.         file write `ci' "rd_hi," %24.17g (r(ub_rd)) _n
.     }
.     file close `ci'
. }

. 
end of do-file

. /* Source authoring only. Root executes one case in an owned authenticated
>    Stata17 stage with golden_helpers.do loaded. Pin 712044f8 / tabtools2.5.1.
>    args: XT001..XT028, owned output directory. No adopath fallback/golden edits.
>    Inputs are literal and OUTSIDE loops. XT018 deliberately retains zero-only
>    categories to record the actual native boundary rather than rewrite it.
>    Root aggregates per-case status CSVs in ID order to crosstab-status.csv. */
. version 17.0

. args id out

. if !regexm("`id'", "^XT0(0[1-9]|1[0-9]|2[0-8])$") exit 198

. if `"`out'"' == "" exit 198

. set more off

. set varabbrev off

. set linesize 255

. clear

. local opts ""

. local level 95

. local assoc_or 0

. local assoc_cs 0

. 
. if inlist("`id'", "XT001", "XT002", "XT003", "XT008", "XT017", "XT018", "XT019", "XT025", "XT026") {
.     input double(row column frequency)
.     1 1 40
.     2 1 10
.     1 2 20
.     2 2 30
.     end
. }

. if "`id'" == "XT001" {
.     local opts "or rr rd"
.     local assoc_or 1
.     local assoc_cs 1
. }

. if "`id'" == "XT002" {
.     replace column = 3-column
.     local opts "rowpct or rr rd"
.     local assoc_or 1
.     local assoc_cs 1
. }

. if "`id'" == "XT003" {
.     replace row = (row-1)/10
.     replace column = (column-1)/10
.     * Stata value labels require integer codes; fractional numeric codes remain numeric.
.     local opts "label totalpct or"
.     local assoc_or 1
. }

. if "`id'" == "XT004" {
.     input double(row column frequency)
.     1 1 1
.     2 1 3
.     1 2 3
.     2 2 1
.     end
.     local opts "or"
.     local assoc_or 1
. }

. if "`id'" == "XT005" {
.     input double(row column frequency)
.     1 1 1
.     2 1 2
.     1 2 1
.     2 2 2
.     1 3 1
.     2 3 2
.     end
. }

. if inlist("`id'", "XT006", "XT027") {
.     input double(row column frequency)
.     1 1 5
.     2 1 5
.     1 2 5
.     2 2 5
.     end
. }

. if "`id'" == "XT007" {
.     input double(row column frequency)
.     1 1 1250
.     2 1 386
.     1 2 4
.     2 2 4
.     end
.     local opts "or level(90)"
.     local level 90
.     local assoc_or 1
. }

. if "`id'" == "XT008" {
.     local opts "rr rd level(90)"
.     local level 90
.     local assoc_cs 1
. }

. if inlist("`id'", "XT009", "XT015", "XT024") {
.     input double(row column frequency)
.     1 1 1
.     2 1 0
.     1 2 0
.     2 2 1
.     end
. }

. if "`id'" == "XT009" {
.     replace frequency = 2*frequency
.     local opts "or"
. }

. if inlist("`id'", "XT010", "XT011", "XT012") {
.     input double(row column frequency)
.     1 0 10
.     2 0 30
.     1 1 20
.     2 1 20
.     1 2 30
.     2 2 10
.     end
.     if "`id'" == "XT011" replace column = 1e16+2*column
.     if "`id'" == "XT012" replace column = 5 if column==2
.     local opts "cochran"
. }

. if "`id'" == "XT013" {
.     input double(row column frequency)
.     1 -1 497
.     2 -1 19
.     1 0 560
.     2 0 29
.     1 1 269
.     2 1 24
.     end
.     local opts "cochran"
. }

. if "`id'" == "XT014" {
.     input double(row column frequency)
.     1 1 5
.     2 1 3
.     1 2 2
.     2 2 7
.     1 3 4
.     2 3 6
.     end
.     local opts "trend"
. }

. if "`id'" == "XT015" local opts "trend"

. if "`id'" == "XT016" {
.     input double(row column frequency)
.     1 1 0
.     2 1 1
.     1 2 1
.     2 2 0
.     end
.     local opts "trend"
. }

. if "`id'" == "XT017" {
.     set obs 6
.     replace row = . in 5
.     replace column = 1 in 5
.     replace frequency = 7 in 5
.     replace row = .a in 6
.     replace column = 1 in 6
.     replace frequency = 3 in 6
.     local opts "missing"
. }

. if "`id'" == "XT018" {
.     set obs 5
.     replace row = 999 in 5
.     replace column = 999 in 5
.     replace frequency = 0 in 5
. }

. if "`id'" == "XT019" local opts "trend missing"

. if inlist("`id'", "XT020", "XT021", "XT022") {
.     input double(row column frequency)
.     1 1 1
.     2 1 9
.     1 2 9
.     2 2 1
.     end
.     if "`id'" == "XT020" local opts "smallcells(3) or rr rd cochran"
.     if "`id'" == "XT021" {
.         local opts "smallcells(3, primary) or rr rd cochran"
.         local assoc_or 1
.         local assoc_cs 1
.     }
.     if "`id'" == "XT022" local opts "smallcells(3) rowpct"
. }

. if "`id'" == "XT023" {
.     input double(row column frequency)
.     1 1 1
.     2 1 1
.     1 2 0
.     2 2 10
.     end
.     local opts "smallcells(3, primary) rowpct"
. }

. if "`id'" == "XT024" local opts "smallcells(3, primary) totalpct"

. if "`id'" == "XT027" local opts "exact digits(2) headershade zebra"

. if "`id'" == "XT028" {
.     input double(row column frequency)

            row      column   frequency
  1.     1 1 10
  2.     2 1 10
  3.     3 1 10
  4.     1 2 10
  5.     2 2 10
  6.     3 2 10
  7.     end
.     local opts "cochran"
. }

. local destination xlsx("`out'/`id'.xlsx")

. if "`id'" == "XT025" local destination xlsx("`out'/`id'.xlsx") excel("`out'/UNSELECTED.bad")

. if "`id'" == "XT026" local destination xlsx("") excel("`out'/`id'.xlsx")

. log using "`out'/`id'_console.txt", text replace nomsg name(xt)
(file /home/tpcopeland/R-Dev/_notes/tabtools-parity-2026-10-06/wp-6a/native-xt-v2/XT028_console.txt not found)

. capture noisily crosstab row column [fw=frequency], `opts' `destination' sheet(`id') ///
>     csv("`out'/`id'.csv") markdown("`out'/`id'.md")
cochran requires a binary row (outcome) variable; row has 3 levels

. local rc = _rc

. local nr .

. local nc .

. if !`rc' {
.     mata: golden_dump_r("`out'/`id'_stored.csv", "`id'")
.     tempname xttable
.     matrix `xttable' = r(table)
.     local nr = rowsof(`xttable')
.     local nc = colsof(`xttable')
. }

. log close xt

. tempname status

. file open `status' using "`out'/`id'_status.csv", write text replace
(file /home/tpcopeland/R-Dev/_notes/tabtools-parity-2026-10-06/wp-6a/native-xt-v2/XT028_status.csv not found)

. file write `status' "id,rc,nrow,ncol,pin" _n

. file write `status' "`id',`rc',`nr',`nc',712044f83ce6dd7bb4ca4237f3f6ffbc8aea5129" _n

. file close `status'

. if !`rc' & (`assoc_or' | `assoc_cs') {
.     egen byte xtrow = group(row)
.     egen byte xtcol = group(column)
.     replace xtrow = xtrow-1
.     replace xtcol = xtcol-1
.     tempname ci
.     file open `ci' using "`out'/`id'_association.csv", write text replace
.     file write `ci' "name,value" _n
.     if `assoc_or' {
.         quietly cc xtrow xtcol [fw=frequency], level(`level')
.         file write `ci' "or," %24.17g (r(or)) _n
.         file write `ci' "or_lo," %24.17g (r(lb_or)) _n
.         file write `ci' "or_hi," %24.17g (r(ub_or)) _n
.     }
.     if `assoc_cs' {
.         quietly cs xtrow xtcol [fw=frequency], level(`level')
.         file write `ci' "rr," %24.17g (r(rr)) _n
.         file write `ci' "rr_lo," %24.17g (r(lb_rr)) _n
.         file write `ci' "rr_hi," %24.17g (r(ub_rr)) _n
.         file write `ci' "rd," %24.17g (r(rd)) _n
.         file write `ci' "rd_lo," %24.17g (r(lb_rd)) _n
.         file write `ci' "rd_hi," %24.17g (r(ub_rd)) _n
.     }
.     file close `ci'
. }

. 
end of do-file

. file open runtime using "/home/tpcopeland/R-Dev/_notes/tabtools-parity-2026-10-06/wp-6a/native-xt-v2/runtime.txt", write text replace
(file /home/tpcopeland/R-Dev/_notes/tabtools-parity-2026-10-06/wp-6a/native-xt-v2/runtime.txt not found)

. file write runtime "`c(stata_version)'" _n "`c(rng_current)'" _n

. file close runtime

. display "ROOT_CROSSTAB_NATIVE_COMPLETE"
ROOT_CROSSTAB_NATIVE_COMPLETE

. 
end of do-file
